id,text,label
cred_p001,婴儿应在出生后一小时内开始母乳喂养，纯母乳喂养至6个月,科学经验
cred_p002,婴儿应仰卧睡眠，可降低婴儿猝死综合征风险,科学经验
cred_p003,宝宝发烧时用温水擦拭身体物理降温，不要用酒精,科学经验
cred_p004,孕前和孕早期补充叶酸可预防胎儿神经管畸形,科学经验
cred_p005,婴儿满6个月后开始添加辅食，首选含铁米粉,科学经验
cred_p006,宝宝咳嗽时保持室内空气湿润，多喝水有助于缓解,科学经验
cred_p007,新生儿出生后补充维生素D，每日400国际单位,科学经验
cred_p008,宝宝湿疹要保持皮肤湿润，使用无香料保湿霜,科学经验
cred_p009,婴儿乘车必须使用安全座椅，不能抱着,科学经验
cred_p010,母乳喂养的婴儿不需额外喂水，母乳已含足够水分,科学经验
cred_p011,宝宝腹泻时要预防脱水，可口服补液盐,科学经验
cred_p012,婴幼儿每天户外活动至少1小时，促进视力发育,科学经验
cred_p013,宝宝出牙期间可用牙胶或冷毛巾按摩牙龈缓解不适,科学经验
cred_p014,婴儿添加辅食应逐一添加，观察3-5天有无过敏反应,科学经验
cred_p015,宝宝被蚊虫叮咬后用肥皂水清洗，冷敷止痒,科学经验
cred_p016,婴幼儿避免长时间屏幕暴露，2岁以下不建议看屏幕,科学经验
cred_p017,宝宝烫伤后立即用流动凉水冲洗15-20分钟,科学经验
cred_p018,孕妇应避免饮酒，酒精可能导致胎儿酒精综合征,科学经验
cred_p019,婴儿鼻腔堵塞可用生理盐水滴鼻后轻轻吸出,科学经验
cred_p020,宝宝发热时不要捂汗，应减少衣物帮助散热,科学经验
cred_p021,婴幼儿定期接种疫苗是预防传染病最有效的方式,科学经验
cred_p022,宝宝摔伤后先观察有无意识改变、呕吐等脑震荡迹象,科学经验
cred_p023,婴儿枕头不需要使用，1岁前床上不要放枕头和毛绒玩具,科学经验
cred_p024,孕妇应避免吸烟和二手烟，影响胎儿发育,科学经验
cred_p025,宝宝有过敏史添加辅食时避开已知过敏原,科学经验
cred_p026,婴儿黄疸需在医生指导下监测，严重时需光疗,科学经验
cred_p027,宝宝红屁股勤换尿布，保持干燥，涂抹护臀霜,科学经验
cred_p028,婴幼儿刷牙从第一颗牙萌出开始，使用含氟牙膏,科学经验
cred_p029,宝宝流鼻血时身体前倾捏住鼻翼，不要仰头,科学经验
cred_p030,孕妇应避免生食和未经巴氏消毒的奶制品,科学经验
cred_p031,婴儿洗澡水温控制在37-38℃，先放冷水再加热水,科学经验
cred_p032,宝宝轻微磕碰后局部冷敷可减轻肿胀,科学经验
cred_p033,婴幼儿睡眠环境温度适宜，避免过热,科学经验
cred_p034,宝宝被宠物抓伤后立即用肥皂水冲洗，及时就医接种疫苗,科学经验
cred_p035,孕妇孕期应保持适度运动，如散步、孕妇瑜伽,科学经验
cred_p036,说法：听说姜汤能发汗退烧（证据不足，仅供参考）,待验证经验
cred_p037,说法：老人说喝点山楂水能开胃（证据不足，仅供参考）,待验证经验
cred_p038,说法：听说用金银花煮水洗澡能治湿疹（证据不足，仅供参考）,待验证经验
cred_p039,说法：老一辈说吃鱼肝油能补钙（证据不足，仅供参考）,待验证经验
cred_p040,说法：听说用苦瓜汁涂手指能戒掉吃手（证据不足，仅供参考）,待验证经验
cred_p041,说法：老话说“若要小儿安，三分饥与寒”（证据不足，仅供参考）,待验证经验
cred_p042,说法：听说用艾草水洗澡能驱蚊防痱（证据不足，仅供参考）,待验证经验
cred_p043,说法：老一辈说喝点蜂蜜水能缓解咳嗽（证据不足，仅供参考）,待验证经验
cred_p044,说法：听说用淘米水洗脸能让宝宝皮肤白（证据不足，仅供参考）,待验证经验
cred_p045,说法：老人说穿旧衣服的宝宝好带（证据不足，仅供参考）,待验证经验
cred_p046,说法：听说用蛋清敷脸能去痱子（证据不足，仅供参考）,待验证经验
cred_p047,说法：老一辈说用葱白水能通鼻塞（证据不足，仅供参考）,待验证经验
cred_p048,说法：听说喝点萝卜水能化痰（证据不足，仅供参考）,待验证经验
cred_p049,说法：老人说用银器煮水能“去风”（证据不足，仅供参考）,待验证经验
cred_p050,说法：听说穿红色衣服能避邪保平安（证据不足，仅供参考）,待验证经验
cred_p051,说法：老一辈说不能照镜子，会吓到宝宝（证据不足，仅供参考）,待验证经验
cred_p052,说法：听说用茶叶水洗眼睛能明目（证据不足，仅供参考）,待验证经验
cred_p053,说法：老人说用米汤冲奶粉更营养（证据不足，仅供参考）,待验证经验
cred_p054,说法：听说把宝宝举高高能练胆子（证据不足，仅供参考）,待验证经验
cred_p055,说法：老一辈说用艾叶熏屋子能驱蚊（证据不足，仅供参考）,待验证经验
cred_p056,说法：听说用苦瓜水擦痱子效果好（证据不足，仅供参考）,待验证经验
cred_p057,说法：老人说宝宝不能见生人，会吓着（证据不足，仅供参考）,待验证经验
cred_p058,说法：听说用生姜擦头皮能长头发（证据不足，仅供参考）,待验证经验
cred_p059,说法：老一辈说不能给宝宝剪指甲，要用咬的（证据不足，仅供参考）,待验证经验
cred_p060,说法：听说用白酒擦身能降温（证据不足，仅供参考）,待验证经验
cred_p061,说法：老人说不能夸宝宝，会“反着来”（证据不足，仅供参考）,待验证经验
cred_p062,说法：听说用花椒水泡脚能治感冒（证据不足，仅供参考）,待验证经验
cred_p063,说法：老一辈说用红布包床头能压惊（证据不足，仅供参考）,待验证经验
cred_p064,说法：听说用醋熏能消毒房间（证据不足，仅供参考）,待验证经验
cred_p065,说法：老人说宝宝不能照镜子会变哑巴（证据不足，仅供参考）,待验证经验
cred_p066,误区：宝宝发烧可以用酒精擦身体（危险，不推荐）,风险经验
cred_p067,误区：新生儿喂黄连水可以去胎毒（危险，不推荐）,风险经验
cred_p068,误区：一岁以下宝宝咳嗽可以喂蜂蜜止咳（危险，不推荐）,风险经验
cred_p069,误区：宝宝发烧要捂汗，出汗就退烧了（危险，不推荐）,风险经验
cred_p070,误区：用学步车能让宝宝早点学会走路（危险，不推荐）,风险经验
cred_p071,误区：给宝宝绑腿可以让腿更直（危险，不推荐）,风险经验
cred_p072,误区：新生儿剃满月头能让头发长得更好（危险，不推荐）,风险经验
cred_p073,误区：宝宝感冒了用抗生素好得快（危险，不推荐）,风险经验
cred_p074,误区：用母乳给宝宝洗脸能美白（危险，不推荐）,风险经验
cred_p075,误区：宝宝腹泻要马上止泻，吃止泻药（危险，不推荐）,风险经验
cred_p076,误区：给宝宝捏鼻梁能让鼻子变挺（危险，不推荐）,风险经验
cred_p077,误区：新生儿可以喂水，母乳不够水来凑（危险，不推荐）,风险经验
cred_p078,误区：宝宝烫伤后涂牙膏或酱油（危险，不推荐）,风险经验
cred_p079,误区：给宝宝嚼饭喂，好消化（危险，不推荐）,风险经验
cred_p080,误区：宝宝被鱼刺卡住可以吞饭团压下去（危险，不推荐）,风险经验
cred_p081,误区：用风油精或清凉油给宝宝驱蚊（危险，不推荐）,风险经验
cred_p082,误区：宝宝摔倒后马上抱起来揉一揉（危险，不推荐）,风险经验
cred_p083,误区：给新生儿枕定型枕睡头型（危险，不推荐）,风险经验
cred_p084,误区：宝宝轻微烫伤可以涂蛋清（危险，不推荐）,风险经验
cred_p085,误区：用嘴吸宝宝鼻子通鼻塞（危险，不推荐）,风险经验
cred_p086,误区：给宝宝喂珍珠粉能压惊（危险，不推荐）,风险经验
cred_p087,误区：宝宝流鼻血时让他仰头（危险，不推荐）,风险经验
cred_p088,误区：给宝宝睡软床垫舒服（危险，不推荐）,风险经验
cred_p089,误区：宝宝长马牙要用针挑破（危险，不推荐）,风险经验
cred_p090,误区：用白酒给宝宝物理降温（危险，不推荐）,风险经验
cred_p091,误区：给宝宝穿开裆裤透气（危险，不推荐）,风险经验
cred_p092,误区：宝宝轻微咳嗽可以吃止咳药（危险，不推荐）,风险经验
cred_p093,误区：新生儿挤乳头，不然会凹陷（危险，不推荐）,风险经验
cred_p094,误区：给宝宝吃磨牙饼干代替刷牙（危险，不推荐）,风险经验
cred_p095,误区：宝宝发烧时用冰袋敷额头（危险，不推荐）,风险经验
cred_p096,误区：给宝宝用成人的感冒药减量吃（危险，不推荐）,风险经验
cred_p097,误区：新生儿捆蜡烛包睡得安稳（危险，不推荐）,风险经验
cred_p098,误区：宝宝有湿疹要少洗澡保持干燥（危险，不推荐）,风险经验
cred_p099,误区：给宝宝吃安宫牛黄丸预防惊厥（危险，不推荐）,风险经验
cred_p100,误区：宝宝摔到头后只要没哭就没事（危险，不推荐）,风险经验
cred_p101,烫伤后应立即用流动凉水持续冲洗15-20分钟并及时评估是否需要就医,科学经验
cred_p102,添加辅食建议一次只加一种新食物并观察2-3天，出现明显皮疹、喘鸣或呕吐等过敏表现应停止并就医,科学经验
cred_p103,婴幼儿发热时应使用体温计测量并关注精神状态与补液，不建议酒精擦浴；出现抽搐、呼吸困难等应及时就医,科学经验
cred_p104,添加辅食建议一次只加一种新食物并观察2-3天，出现明显皮疹、喘鸣或呕吐等过敏表现应停止并就医,科学经验
cred_p105,婴幼儿乘车必须使用符合身高体重的安全座椅，抱着乘车无法在碰撞中保护孩子,科学经验
cred_p106,烫伤后应立即用流动凉水持续冲洗15-20分钟并及时评估是否需要就医,科学经验
cred_p107,婴幼儿乘车必须使用符合身高体重的安全座椅，抱着乘车无法在碰撞中保护孩子,科学经验
cred_p108,2岁以下不建议长时间屏幕暴露，优先亲子阅读与游戏促进语言和社交发展,科学经验
cred_p109,说法：听说用盐水洗鼻子能预防感冒（证据不足，仅供参考）,待验证经验
cred_p110,说法：听说用白醋泡脚能去湿气（证据不足，仅供参考）,待验证经验
cred_p111,婴儿睡眠建议仰卧、硬床垫，床内不放枕头被褥和毛绒玩具，可降低窒息与婴儿猝死风险,科学经验
cred_p112,添加辅食建议一次只加一种新食物并观察2-3天，出现明显皮疹、喘鸣或呕吐等过敏表现应停止并就医,科学经验
cred_p113,1岁以内不建议食用蜂蜜，以避免婴儿肉毒中毒风险,科学经验
cred_p114,说法：听说贴生姜片在脚心能止咳（证据不足，仅供参考）,待验证经验
cred_p115,婴幼儿乘车必须使用符合身高体重的安全座椅，抱着乘车无法在碰撞中保护孩子,科学经验
cred_p116,婴幼儿发热时应使用体温计测量并关注精神状态与补液，不建议酒精擦浴；出现抽搐、呼吸困难等应及时就医,科学经验
cred_p117,1岁以内不建议食用蜂蜜，以避免婴儿肉毒中毒风险,科学经验
cred_p118,儿童咳嗽若伴喘憋、呼吸急促或持续时间较长，应就医评估；2岁以下不建议自行使用复方镇咳感冒药,科学经验
cred_p119,2岁以下不建议长时间屏幕暴露，优先亲子阅读与游戏促进语言和社交发展,科学经验
cred_p120,误区：一岁以下宝宝咳嗽可以喂蜂蜜止咳（危险，不推荐）,风险经验
cred_p121,2岁以下不建议长时间屏幕暴露，优先亲子阅读与游戏促进语言和社交发展,科学经验
cred_p122,婴幼儿乘车必须使用符合身高体重的安全座椅，抱着乘车无法在碰撞中保护孩子,科学经验
cred_p123,1岁以内不建议食用蜂蜜，以避免婴儿肉毒中毒风险,科学经验
cred_p124,1岁以内不建议食用蜂蜜，以避免婴儿肉毒中毒风险,科学经验
cred_p125,按免疫规划及时接种疫苗可显著降低多种传染病风险；接种后持续高热或过敏反应需就医,科学经验
cred_p126,误区：宝宝感冒了用抗生素好得快（危险，不推荐）,风险经验
cred_p127,宝宝腹泻时重点是预防脱水，可按说明使用口服补液盐（ORS），出现少尿、嗜睡或血便应就医,科学经验
cred_p128,说法：听说姜汤能发汗退烧（证据不足，仅供参考）,待验证经验
cred_p129,说法：听说用盐水洗鼻子能预防感冒（证据不足，仅供参考）,待验证经验
cred_p130,误区：宝宝烫伤后涂牙膏或酱油更快好（危险，不推荐）,风险经验
cred_p131,婴幼儿乘车必须使用符合身高体重的安全座椅，抱着乘车无法在碰撞中保护孩子,科学经验
cred_p132,误区：宝宝烫伤后涂牙膏或酱油更快好（危险，不推荐）,风险经验
cred_p133,误区：给宝宝用成人的感冒药减量吃就可以（危险，不推荐）,风险经验
cred_p134,1岁以内不建议食用蜂蜜，以避免婴儿肉毒中毒风险,科学经验
cred_p135,婴幼儿乘车必须使用符合身高体重的安全座椅，抱着乘车无法在碰撞中保护孩子,科学经验
cred_p136,婴幼儿乘车必须使用符合身高体重的安全座椅，抱着乘车无法在碰撞中保护孩子,科学经验
cred_p137,婴幼儿发热时应使用体温计测量并关注精神状态与补液，不建议酒精擦浴；出现抽搐、呼吸困难等应及时就医,科学经验
cred_p138,婴幼儿发热时应使用体温计测量并关注精神状态与补液，不建议酒精擦浴；出现抽搐、呼吸困难等应及时就医,科学经验
cred_p139,宝宝腹泻时重点是预防脱水，可按说明使用口服补液盐（ORS），出现少尿、嗜睡或血便应就医,科学经验
cred_p140,1岁以内不建议食用蜂蜜，以避免婴儿肉毒中毒风险,科学经验
cred_p141,儿童咳嗽若伴喘憋、呼吸急促或持续时间较长，应就医评估；2岁以下不建议自行使用复方镇咳感冒药,科学经验
cred_p142,儿童咳嗽若伴喘憋、呼吸急促或持续时间较长，应就医评估；2岁以下不建议自行使用复方镇咳感冒药,科学经验
cred_p143,宝宝腹泻时重点是预防脱水，可按说明使用口服补液盐（ORS），出现少尿、嗜睡或血便应就医,科学经验
cred_p144,烫伤后应立即用流动凉水持续冲洗15-20分钟并及时评估是否需要就医,科学经验
cred_p145,按免疫规划及时接种疫苗可显著降低多种传染病风险；接种后持续高热或过敏反应需就医,科学经验
cred_p146,儿童咳嗽若伴喘憋、呼吸急促或持续时间较长，应就医评估；2岁以下不建议自行使用复方镇咳感冒药,科学经验
cred_p147,婴幼儿乘车必须使用符合身高体重的安全座椅，抱着乘车无法在碰撞中保护孩子,科学经验
cred_p148,烫伤后应立即用流动凉水持续冲洗15-20分钟并及时评估是否需要就医,科学经验
cred_p149,添加辅食建议一次只加一种新食物并观察2-3天，出现明显皮疹、喘鸣或呕吐等过敏表现应停止并就医,科学经验
cred_p150,1岁以内不建议食用蜂蜜，以避免婴儿肉毒中毒风险,科学经验
cred_p151,按免疫规划及时接种疫苗可显著降低多种传染病风险；接种后持续高热或过敏反应需就医,科学经验
cred_p152,说法：听说用盐水洗鼻子能预防感冒（证据不足，仅供参考）,待验证经验
cred_p153,添加辅食建议一次只加一种新食物并观察2-3天，出现明显皮疹、喘鸣或呕吐等过敏表现应停止并就医,科学经验
cred_p154,婴儿睡眠建议仰卧、硬床垫，床内不放枕头被褥和毛绒玩具，可降低窒息与婴儿猝死风险,科学经验
cred_p155,宝宝腹泻时重点是预防脱水，可按说明使用口服补液盐（ORS），出现少尿、嗜睡或血便应就医,科学经验
cred_p156,婴儿睡眠建议仰卧、硬床垫，床内不放枕头被褥和毛绒玩具，可降低窒息与婴儿猝死风险,科学经验
cred_p157,说法：听说贴生姜片在脚心能止咳（证据不足，仅供参考）,待验证经验
cred_p158,说法：听说贴生姜片在脚心能止咳（证据不足，仅供参考）,待验证经验
cred_p159,婴幼儿乘车必须使用符合身高体重的安全座椅，抱着乘车无法在碰撞中保护孩子,科学经验
cred_p160,添加辅食建议一次只加一种新食物并观察2-3天，出现明显皮疹、喘鸣或呕吐等过敏表现应停止并就医,科学经验
cred_p161,添加辅食建议一次只加一种新食物并观察2-3天，出现明显皮疹、喘鸣或呕吐等过敏表现应停止并就医,科学经验
cred_p162,误区：宝宝烫伤后涂牙膏或酱油更快好（危险，不推荐）,风险经验
cred_p163,婴幼儿发热时应使用体温计测量并关注精神状态与补液，不建议酒精擦浴；出现抽搐、呼吸困难等应及时就医,科学经验
cred_p164,说法：听说用花椒水泡脚能治感冒（证据不足，仅供参考）,待验证经验
cred_p165,说法：听说用花椒水泡脚能治感冒（证据不足，仅供参考）,待验证经验
cred_p166,婴儿睡眠建议仰卧、硬床垫，床内不放枕头被褥和毛绒玩具，可降低窒息与婴儿猝死风险,科学经验
cred_p167,误区：宝宝发烧可以用酒精擦身体（危险，不推荐）,风险经验
cred_p168,儿童咳嗽若伴喘憋、呼吸急促或持续时间较长，应就医评估；2岁以下不建议自行使用复方镇咳感冒药,科学经验
cred_p169,2岁以下不建议长时间屏幕暴露，优先亲子阅读与游戏促进语言和社交发展,科学经验
cred_p170,误区：宝宝腹泻要马上止泻，吃止泻药就行（危险，不推荐）,风险经验
cred_p171,宝宝腹泻时重点是预防脱水，可按说明使用口服补液盐（ORS），出现少尿、嗜睡或血便应就医,科学经验
cred_p172,婴儿睡眠建议仰卧、硬床垫，床内不放枕头被褥和毛绒玩具，可降低窒息与婴儿猝死风险,科学经验
cred_p173,婴幼儿发热时应使用体温计测量并关注精神状态与补液，不建议酒精擦浴；出现抽搐、呼吸困难等应及时就医,科学经验
cred_p174,婴幼儿发热时应使用体温计测量并关注精神状态与补液，不建议酒精擦浴；出现抽搐、呼吸困难等应及时就医,科学经验
cred_p175,1岁以内不建议食用蜂蜜，以避免婴儿肉毒中毒风险,科学经验
cred_p176,说法：听说姜汤能发汗退烧（证据不足，仅供参考）,待验证经验
cred_p177,1岁以内不建议食用蜂蜜，以避免婴儿肉毒中毒风险,科学经验
cred_p178,儿童咳嗽若伴喘憋、呼吸急促或持续时间较长，应就医评估；2岁以下不建议自行使用复方镇咳感冒药,科学经验
cred_p179,说法：听说用醋熏能给房间消毒（证据不足，仅供参考）,待验证经验
cred_p180,儿童咳嗽若伴喘憋、呼吸急促或持续时间较长，应就医评估；2岁以下不建议自行使用复方镇咳感冒药,科学经验
cred_p181,误区：新生儿喂黄连水可以去胎毒（危险，不推荐）,风险经验
cred_p182,误区：给宝宝用成人的感冒药减量吃就可以（危险，不推荐）,风险经验
cred_p183,添加辅食建议一次只加一种新食物并观察2-3天，出现明显皮疹、喘鸣或呕吐等过敏表现应停止并就医,科学经验
cred_p184,儿童咳嗽若伴喘憋、呼吸急促或持续时间较长，应就医评估；2岁以下不建议自行使用复方镇咳感冒药,科学经验
cred_p185,婴幼儿发热时应使用体温计测量并关注精神状态与补液，不建议酒精擦浴；出现抽搐、呼吸困难等应及时就医,科学经验
cred_p186,儿童咳嗽若伴喘憋、呼吸急促或持续时间较长，应就医评估；2岁以下不建议自行使用复方镇咳感冒药,科学经验
cred_p187,烫伤后应立即用流动凉水持续冲洗15-20分钟并及时评估是否需要就医,科学经验
cred_p188,误区：一岁以下宝宝咳嗽可以喂蜂蜜止咳（危险，不推荐）,风险经验
cred_p189,说法：听说用白醋泡脚能去湿气（证据不足，仅供参考）,待验证经验
cred_p190,1岁以内不建议食用蜂蜜，以避免婴儿肉毒中毒风险,科学经验
cred_p191,误区：宝宝发烧要捂汗，出汗就退烧了（危险，不推荐）,风险经验
cred_p192,误区：宝宝腹泻要马上止泻，吃止泻药就行（危险，不推荐）,风险经验
cred_p193,婴幼儿乘车必须使用符合身高体重的安全座椅，抱着乘车无法在碰撞中保护孩子,科学经验
cred_p194,婴幼儿乘车必须使用符合身高体重的安全座椅，抱着乘车无法在碰撞中保护孩子,科学经验
cred_p195,按免疫规划及时接种疫苗可显著降低多种传染病风险；接种后持续高热或过敏反应需就医,科学经验
cred_p196,说法：听说用醋熏能给房间消毒（证据不足，仅供参考）,待验证经验
cred_p197,说法：听说姜汤能发汗退烧（证据不足，仅供参考）,待验证经验
cred_p198,宝宝腹泻时重点是预防脱水，可按说明使用口服补液盐（ORS），出现少尿、嗜睡或血便应就医,科学经验
cred_p199,婴幼儿发热时应使用体温计测量并关注精神状态与补液，不建议酒精擦浴；出现抽搐、呼吸困难等应及时就医,科学经验
cred_p200,儿童咳嗽若伴喘憋、呼吸急促或持续时间较长，应就医评估；2岁以下不建议自行使用复方镇咳感冒药,科学经验
cred_p201,添加辅食建议一次只加一种新食物并观察2-3天，出现明显皮疹、喘鸣或呕吐等过敏表现应停止并就医,科学经验
cred_p202,说法：听说用金银花煮水洗澡能治湿疹（证据不足，仅供参考）,待验证经验
cred_p203,说法：听说姜汤能发汗退烧（证据不足，仅供参考）,待验证经验
cred_p204,宝宝腹泻时重点是预防脱水，可按说明使用口服补液盐（ORS），出现少尿、嗜睡或血便应就医,科学经验
cred_p205,烫伤后应立即用流动凉水持续冲洗15-20分钟并及时评估是否需要就医,科学经验
cred_p206,1岁以内不建议食用蜂蜜，以避免婴儿肉毒中毒风险,科学经验
cred_p207,按免疫规划及时接种疫苗可显著降低多种传染病风险；接种后持续高热或过敏反应需就医,科学经验
cred_p208,误区：宝宝烫伤后涂牙膏或酱油更快好（危险，不推荐）,风险经验
cred_p209,宝宝腹泻时重点是预防脱水，可按说明使用口服补液盐（ORS），出现少尿、嗜睡或血便应就医,科学经验
cred_p210,说法：听说姜汤能发汗退烧（证据不足，仅供参考）,待验证经验
cred_p211,2岁以下不建议长时间屏幕暴露，优先亲子阅读与游戏促进语言和社交发展,科学经验
cred_p212,说法：听说贴生姜片在脚心能止咳（证据不足，仅供参考）,待验证经验
cred_p213,婴幼儿发热时应使用体温计测量并关注精神状态与补液，不建议酒精擦浴；出现抽搐、呼吸困难等应及时就医,科学经验
cred_p214,说法：听说用花椒水泡脚能治感冒（证据不足，仅供参考）,待验证经验
cred_p215,1岁以内不建议食用蜂蜜，以避免婴儿肉毒中毒风险,科学经验
cred_p216,婴幼儿发热时应使用体温计测量并关注精神状态与补液，不建议酒精擦浴；出现抽搐、呼吸困难等应及时就医,科学经验
cred_p217,婴幼儿乘车必须使用符合身高体重的安全座椅，抱着乘车无法在碰撞中保护孩子,科学经验
cred_p218,宝宝腹泻时重点是预防脱水，可按说明使用口服补液盐（ORS），出现少尿、嗜睡或血便应就医,科学经验
cred_p219,说法：听说用盐水洗鼻子能预防感冒（证据不足，仅供参考）,待验证经验
cred_p220,婴幼儿乘车必须使用符合身高体重的安全座椅，抱着乘车无法在碰撞中保护孩子,科学经验
cred_p221,儿童咳嗽若伴喘憋、呼吸急促或持续时间较长，应就医评估；2岁以下不建议自行使用复方镇咳感冒药,科学经验
cred_p222,添加辅食建议一次只加一种新食物并观察2-3天，出现明显皮疹、喘鸣或呕吐等过敏表现应停止并就医,科学经验
cred_p223,2岁以下不建议长时间屏幕暴露，优先亲子阅读与游戏促进语言和社交发展,科学经验
cred_p224,添加辅食建议一次只加一种新食物并观察2-3天，出现明显皮疹、喘鸣或呕吐等过敏表现应停止并就医,科学经验
cred_p225,说法：听说贴生姜片在脚心能止咳（证据不足，仅供参考）,待验证经验
cred_p226,说法：老人说给宝宝戴银手镯能辟邪保平安（证据不足，仅供参考）,待验证经验
cred_p227,误区：宝宝发烧可以用酒精擦身体（危险，不推荐）,风险经验
cred_p228,婴幼儿发热时应使用体温计测量并关注精神状态与补液，不建议酒精擦浴；出现抽搐、呼吸困难等应及时就医,科学经验
cred_p229,说法：听说用盐水洗鼻子能预防感冒（证据不足，仅供参考）,待验证经验
cred_p230,添加辅食建议一次只加一种新食物并观察2-3天，出现明显皮疹、喘鸣或呕吐等过敏表现应停止并就医,科学经验
cred_p231,烫伤后应立即用流动凉水持续冲洗15-20分钟并及时评估是否需要就医,科学经验
cred_p232,婴幼儿发热时应使用体温计测量并关注精神状态与补液，不建议酒精擦浴；出现抽搐、呼吸困难等应及时就医,科学经验
cred_p233,1岁以内不建议食用蜂蜜，以避免婴儿肉毒中毒风险,科学经验
cred_p234,宝宝腹泻时重点是预防脱水，可按说明使用口服补液盐（ORS），出现少尿、嗜睡或血便应就医,科学经验
cred_p235,1岁以内不建议食用蜂蜜，以避免婴儿肉毒中毒风险,科学经验
cred_p236,说法：听说用醋熏能给房间消毒（证据不足，仅供参考）,待验证经验
cred_p237,误区：给宝宝绑腿可以让腿更直（危险，不推荐）,风险经验
cred_p238,2岁以下不建议长时间屏幕暴露，优先亲子阅读与游戏促进语言和社交发展,科学经验
cred_p239,婴幼儿乘车必须使用符合身高体重的安全座椅，抱着乘车无法在碰撞中保护孩子,科学经验
cred_p240,婴幼儿发热时应使用体温计测量并关注精神状态与补液，不建议酒精擦浴；出现抽搐、呼吸困难等应及时就医,科学经验
cred_p241,烫伤后应立即用流动凉水持续冲洗15-20分钟并及时评估是否需要就医,科学经验
cred_p242,误区：给宝宝用成人的感冒药减量吃就可以（危险，不推荐）,风险经验
cred_p243,按免疫规划及时接种疫苗可显著降低多种传染病风险；接种后持续高热或过敏反应需就医,科学经验
cred_p244,按免疫规划及时接种疫苗可显著降低多种传染病风险；接种后持续高热或过敏反应需就医,科学经验
cred_p245,婴幼儿乘车必须使用符合身高体重的安全座椅，抱着乘车无法在碰撞中保护孩子,科学经验
cred_p246,婴幼儿发热时应使用体温计测量并关注精神状态与补液，不建议酒精擦浴；出现抽搐、呼吸困难等应及时就医,科学经验
cred_p247,2岁以下不建议长时间屏幕暴露，优先亲子阅读与游戏促进语言和社交发展,科学经验
cred_p248,误区：给宝宝用成人的感冒药减量吃就可以（危险，不推荐）,风险经验
cred_p249,宝宝腹泻时重点是预防脱水，可按说明使用口服补液盐（ORS），出现少尿、嗜睡或血便应就医,科学经验
cred_p250,婴儿睡眠建议仰卧、硬床垫，床内不放枕头被褥和毛绒玩具，可降低窒息与婴儿猝死风险,科学经验
cred_p251,婴幼儿乘车必须使用符合身高体重的安全座椅，抱着乘车无法在碰撞中保护孩子,科学经验
cred_p252,宝宝腹泻时重点是预防脱水，可按说明使用口服补液盐（ORS），出现少尿、嗜睡或血便应就医,科学经验
cred_p253,1岁以内不建议食用蜂蜜，以避免婴儿肉毒中毒风险,科学经验
cred_p254,按免疫规划及时接种疫苗可显著降低多种传染病风险；接种后持续高热或过敏反应需就医,科学经验
cred_p255,说法：老人说宝宝不能见生人，会吓着（证据不足，仅供参考）,待验证经验
cred_p256,婴幼儿乘车必须使用符合身高体重的安全座椅，抱着乘车无法在碰撞中保护孩子,科学经验
cred_p257,说法：老人说给宝宝戴银手镯能辟邪保平安（证据不足，仅供参考）,待验证经验
cred_p258,说法：听说用花椒水泡脚能治感冒（证据不足，仅供参考）,待验证经验
cred_p259,误区：宝宝发烧要捂汗，出汗就退烧了（危险，不推荐）,风险经验
cred_p260,儿童咳嗽若伴喘憋、呼吸急促或持续时间较长，应就医评估；2岁以下不建议自行使用复方镇咳感冒药,科学经验
cred_p261,误区：宝宝发烧要捂汗，出汗就退烧了（危险，不推荐）,风险经验
cred_p262,烫伤后应立即用流动凉水持续冲洗15-20分钟并及时评估是否需要就医,科学经验
cred_p263,1岁以内不建议食用蜂蜜，以避免婴儿肉毒中毒风险,科学经验
cred_p264,误区：一岁以下宝宝咳嗽可以喂蜂蜜止咳（危险，不推荐）,风险经验
cred_p265,说法：听说用醋熏能给房间消毒（证据不足，仅供参考）,待验证经验
cred_p266,婴幼儿发热时应使用体温计测量并关注精神状态与补液，不建议酒精擦浴；出现抽搐、呼吸困难等应及时就医,科学经验
cred_p267,烫伤后应立即用流动凉水持续冲洗15-20分钟并及时评估是否需要就医,科学经验
cred_p268,烫伤后应立即用流动凉水持续冲洗15-20分钟并及时评估是否需要就医,科学经验
cred_p269,1岁以内不建议食用蜂蜜，以避免婴儿肉毒中毒风险,科学经验
cred_p270,说法：听说用盐水洗鼻子能预防感冒（证据不足，仅供参考）,待验证经验
cred_p271,烫伤后应立即用流动凉水持续冲洗15-20分钟并及时评估是否需要就医,科学经验
cred_p272,添加辅食建议一次只加一种新食物并观察2-3天，出现明显皮疹、喘鸣或呕吐等过敏表现应停止并就医,科学经验
cred_p273,1岁以内不建议食用蜂蜜，以避免婴儿肉毒中毒风险,科学经验
cred_p274,2岁以下不建议长时间屏幕暴露，优先亲子阅读与游戏促进语言和社交发展,科学经验
cred_p275,说法：老人说给宝宝戴银手镯能辟邪保平安（证据不足，仅供参考）,待验证经验
cred_p276,婴幼儿乘车必须使用符合身高体重的安全座椅，抱着乘车无法在碰撞中保护孩子,科学经验
cred_p277,按免疫规划及时接种疫苗可显著降低多种传染病风险；接种后持续高热或过敏反应需就医,科学经验
cred_p278,按免疫规划及时接种疫苗可显著降低多种传染病风险；接种后持续高热或过敏反应需就医,科学经验
cred_p279,说法：老人说给宝宝戴银手镯能辟邪保平安（证据不足，仅供参考）,待验证经验
cred_p280,误区：宝宝感冒了用抗生素好得快（危险，不推荐）,风险经验
cred_p281,1岁以内不建议食用蜂蜜，以避免婴儿肉毒中毒风险,科学经验
cred_p282,婴儿睡眠建议仰卧、硬床垫，床内不放枕头被褥和毛绒玩具，可降低窒息与婴儿猝死风险,科学经验
cred_p283,2岁以下不建议长时间屏幕暴露，优先亲子阅读与游戏促进语言和社交发展,科学经验
cred_p284,误区：宝宝感冒了用抗生素好得快（危险，不推荐）,风险经验
cred_p285,婴幼儿乘车必须使用符合身高体重的安全座椅，抱着乘车无法在碰撞中保护孩子,科学经验
cred_p286,说法：老人说宝宝不能见生人，会吓着（证据不足，仅供参考）,待验证经验
cred_p287,误区：给宝宝绑腿可以让腿更直（危险，不推荐）,风险经验
cred_p288,1岁以内不建议食用蜂蜜，以避免婴儿肉毒中毒风险,科学经验
cred_p289,婴儿睡眠建议仰卧、硬床垫，床内不放枕头被褥和毛绒玩具，可降低窒息与婴儿猝死风险,科学经验
cred_p290,添加辅食建议一次只加一种新食物并观察2-3天，出现明显皮疹、喘鸣或呕吐等过敏表现应停止并就医,科学经验
cred_p291,添加辅食建议一次只加一种新食物并观察2-3天，出现明显皮疹、喘鸣或呕吐等过敏表现应停止并就医,科学经验
cred_p292,婴儿睡眠建议仰卧、硬床垫，床内不放枕头被褥和毛绒玩具，可降低窒息与婴儿猝死风险,科学经验
cred_p293,说法：听说姜汤能发汗退烧（证据不足，仅供参考）,待验证经验
cred_p294,说法：听说姜汤能发汗退烧（证据不足，仅供参考）,待验证经验
cred_p295,说法：听说用白醋泡脚能去湿气（证据不足，仅供参考）,待验证经验
cred_p296,婴儿睡眠建议仰卧、硬床垫，床内不放枕头被褥和毛绒玩具，可降低窒息与婴儿猝死风险,科学经验
cred_p297,误区：给宝宝用成人的感冒药减量吃就可以（危险，不推荐）,风险经验
cred_p298,误区：宝宝发烧要捂汗，出汗就退烧了（危险，不推荐）,风险经验
cred_p299,婴儿睡眠建议仰卧、硬床垫，床内不放枕头被褥和毛绒玩具，可降低窒息与婴儿猝死风险,科学经验
cred_p300,误区：宝宝烫伤后涂牙膏或酱油更快好（危险，不推荐）,风险经验
cred_p301,按免疫规划及时接种疫苗可显著降低多种传染病风险；接种后持续高热或过敏反应需就医,科学经验
cred_p302,婴幼儿发热时应使用体温计测量并关注精神状态与补液，不建议酒精擦浴；出现抽搐、呼吸困难等应及时就医,科学经验
cred_p303,1岁以内不建议食用蜂蜜，以避免婴儿肉毒中毒风险,科学经验
cred_p304,说法：老人说宝宝不能见生人，会吓着（证据不足，仅供参考）,待验证经验
cred_p305,宝宝腹泻时重点是预防脱水，可按说明使用口服补液盐（ORS），出现少尿、嗜睡或血便应就医,科学经验
cred_p306,婴幼儿乘车必须使用符合身高体重的安全座椅，抱着乘车无法在碰撞中保护孩子,科学经验
cred_p307,2岁以下不建议长时间屏幕暴露，优先亲子阅读与游戏促进语言和社交发展,科学经验
cred_p308,说法：听说用金银花煮水洗澡能治湿疹（证据不足，仅供参考）,待验证经验
cred_p309,宝宝腹泻时重点是预防脱水，可按说明使用口服补液盐（ORS），出现少尿、嗜睡或血便应就医,科学经验
cred_p310,2岁以下不建议长时间屏幕暴露，优先亲子阅读与游戏促进语言和社交发展,科学经验
cred_p311,婴幼儿发热时应使用体温计测量并关注精神状态与补液，不建议酒精擦浴；出现抽搐、呼吸困难等应及时就医,科学经验
cred_p312,1岁以内不建议食用蜂蜜，以避免婴儿肉毒中毒风险,科学经验
cred_p313,婴幼儿乘车必须使用符合身高体重的安全座椅，抱着乘车无法在碰撞中保护孩子,科学经验
cred_p314,烫伤后应立即用流动凉水持续冲洗15-20分钟并及时评估是否需要就医,科学经验
cred_p315,添加辅食建议一次只加一种新食物并观察2-3天，出现明显皮疹、喘鸣或呕吐等过敏表现应停止并就医,科学经验
cred_p316,按免疫规划及时接种疫苗可显著降低多种传染病风险；接种后持续高热或过敏反应需就医,科学经验
cred_p317,婴幼儿发热时应使用体温计测量并关注精神状态与补液，不建议酒精擦浴；出现抽搐、呼吸困难等应及时就医,科学经验
cred_p318,婴幼儿乘车必须使用符合身高体重的安全座椅，抱着乘车无法在碰撞中保护孩子,科学经验
cred_p319,婴幼儿乘车必须使用符合身高体重的安全座椅，抱着乘车无法在碰撞中保护孩子,科学经验
cred_p320,说法：老人说给宝宝戴银手镯能辟邪保平安（证据不足，仅供参考）,待验证经验
cred_p321,宝宝腹泻时重点是预防脱水，可按说明使用口服补液盐（ORS），出现少尿、嗜睡或血便应就医,科学经验
cred_p322,婴儿睡眠建议仰卧、硬床垫，床内不放枕头被褥和毛绒玩具，可降低窒息与婴儿猝死风险,科学经验
cred_p323,按免疫规划及时接种疫苗可显著降低多种传染病风险；接种后持续高热或过敏反应需就医,科学经验
cred_p324,宝宝腹泻时重点是预防脱水，可按说明使用口服补液盐（ORS），出现少尿、嗜睡或血便应就医,科学经验
cred_p325,宝宝腹泻时重点是预防脱水，可按说明使用口服补液盐（ORS），出现少尿、嗜睡或血便应就医,科学经验
cred_p326,宝宝腹泻时重点是预防脱水，可按说明使用口服补液盐（ORS），出现少尿、嗜睡或血便应就医,科学经验
cred_p327,按免疫规划及时接种疫苗可显著降低多种传染病风险；接种后持续高热或过敏反应需就医,科学经验
cred_p328,2岁以下不建议长时间屏幕暴露，优先亲子阅读与游戏促进语言和社交发展,科学经验
cred_p329,儿童咳嗽若伴喘憋、呼吸急促或持续时间较长，应就医评估；2岁以下不建议自行使用复方镇咳感冒药,科学经验
cred_p330,婴幼儿发热时应使用体温计测量并关注精神状态与补液，不建议酒精擦浴；出现抽搐、呼吸困难等应及时就医,科学经验
cred_p331,婴儿睡眠建议仰卧、硬床垫，床内不放枕头被褥和毛绒玩具，可降低窒息与婴儿猝死风险,科学经验
cred_p332,宝宝腹泻时重点是预防脱水，可按说明使用口服补液盐（ORS），出现少尿、嗜睡或血便应就医,科学经验
cred_p333,烫伤后应立即用流动凉水持续冲洗15-20分钟并及时评估是否需要就医,科学经验
cred_p334,2岁以下不建议长时间屏幕暴露，优先亲子阅读与游戏促进语言和社交发展,科学经验
cred_p335,说法：听说用花椒水泡脚能治感冒（证据不足，仅供参考）,待验证经验
cred_p336,烫伤后应立即用流动凉水持续冲洗15-20分钟并及时评估是否需要就医,科学经验
cred_p337,儿童咳嗽若伴喘憋、呼吸急促或持续时间较长，应就医评估；2岁以下不建议自行使用复方镇咳感冒药,科学经验
cred_p338,婴幼儿发热时应使用体温计测量并关注精神状态与补液，不建议酒精擦浴；出现抽搐、呼吸困难等应及时就医,科学经验
cred_p339,婴幼儿乘车必须使用符合身高体重的安全座椅，抱着乘车无法在碰撞中保护孩子,科学经验
cred_p340,按免疫规划及时接种疫苗可显著降低多种传染病风险；接种后持续高热或过敏反应需就医,科学经验
cred_p341,婴幼儿乘车必须使用符合身高体重的安全座椅，抱着乘车无法在碰撞中保护孩子,科学经验
cred_p342,儿童咳嗽若伴喘憋、呼吸急促或持续时间较长，应就医评估；2岁以下不建议自行使用复方镇咳感冒药,科学经验
cred_p343,儿童咳嗽若伴喘憋、呼吸急促或持续时间较长，应就医评估；2岁以下不建议自行使用复方镇咳感冒药,科学经验
cred_p344,1岁以内不建议食用蜂蜜，以避免婴儿肉毒中毒风险,科学经验
cred_p345,儿童咳嗽若伴喘憋、呼吸急促或持续时间较长，应就医评估；2岁以下不建议自行使用复方镇咳感冒药,科学经验
cred_p346,1岁以内不建议食用蜂蜜，以避免婴儿肉毒中毒风险,科学经验
cred_p347,儿童咳嗽若伴喘憋、呼吸急促或持续时间较长，应就医评估；2岁以下不建议自行使用复方镇咳感冒药,科学经验
cred_p348,说法：听说用白醋泡脚能去湿气（证据不足，仅供参考）,待验证经验
cred_p349,2岁以下不建议长时间屏幕暴露，优先亲子阅读与游戏促进语言和社交发展,科学经验
cred_p350,误区：宝宝烫伤后涂牙膏或酱油更快好（危险，不推荐）,风险经验
cred_p351,宝宝腹泻时重点是预防脱水，可按说明使用口服补液盐（ORS），出现少尿、嗜睡或血便应就医,科学经验
cred_p352,添加辅食建议一次只加一种新食物并观察2-3天，出现明显皮疹、喘鸣或呕吐等过敏表现应停止并就医,科学经验
cred_p353,2岁以下不建议长时间屏幕暴露，优先亲子阅读与游戏促进语言和社交发展,科学经验
cred_p354,说法：老人说喝点山楂水能开胃（证据不足，仅供参考）,待验证经验
cred_p355,说法：听说用醋熏能给房间消毒（证据不足，仅供参考）,待验证经验
cred_p356,2岁以下不建议长时间屏幕暴露，优先亲子阅读与游戏促进语言和社交发展,科学经验
cred_p357,婴儿睡眠建议仰卧、硬床垫，床内不放枕头被褥和毛绒玩具，可降低窒息与婴儿猝死风险,科学经验
cred_p358,儿童咳嗽若伴喘憋、呼吸急促或持续时间较长，应就医评估；2岁以下不建议自行使用复方镇咳感冒药,科学经验
cred_p359,婴幼儿乘车必须使用符合身高体重的安全座椅，抱着乘车无法在碰撞中保护孩子,科学经验
cred_p360,误区：给宝宝用成人的感冒药减量吃就可以（危险，不推荐）,风险经验
cred_p361,说法：听说姜汤能发汗退烧（证据不足，仅供参考）,待验证经验
cred_p362,婴儿睡眠建议仰卧、硬床垫，床内不放枕头被褥和毛绒玩具，可降低窒息与婴儿猝死风险,科学经验
cred_p363,1岁以内不建议食用蜂蜜，以避免婴儿肉毒中毒风险,科学经验
cred_p364,婴儿睡眠建议仰卧、硬床垫，床内不放枕头被褥和毛绒玩具，可降低窒息与婴儿猝死风险,科学经验
cred_p365,误区：宝宝烫伤后涂牙膏或酱油更快好（危险，不推荐）,风险经验
cred_p366,烫伤后应立即用流动凉水持续冲洗15-20分钟并及时评估是否需要就医,科学经验
cred_p367,1岁以内不建议食用蜂蜜，以避免婴儿肉毒中毒风险,科学经验
cred_p368,按免疫规划及时接种疫苗可显著降低多种传染病风险；接种后持续高热或过敏反应需就医,科学经验
cred_p369,儿童咳嗽若伴喘憋、呼吸急促或持续时间较长，应就医评估；2岁以下不建议自行使用复方镇咳感冒药,科学经验
cred_p370,婴幼儿乘车必须使用符合身高体重的安全座椅，抱着乘车无法在碰撞中保护孩子,科学经验
cred_p371,说法：老人说给宝宝戴银手镯能辟邪保平安（证据不足，仅供参考）,待验证经验
cred_p372,婴幼儿乘车必须使用符合身高体重的安全座椅，抱着乘车无法在碰撞中保护孩子,科学经验
cred_p373,儿童咳嗽若伴喘憋、呼吸急促或持续时间较长，应就医评估；2岁以下不建议自行使用复方镇咳感冒药,科学经验
cred_p374,添加辅食建议一次只加一种新食物并观察2-3天，出现明显皮疹、喘鸣或呕吐等过敏表现应停止并就医,科学经验
cred_p375,说法：老人说宝宝不能见生人，会吓着（证据不足，仅供参考）,待验证经验
cred_p376,宝宝腹泻时重点是预防脱水，可按说明使用口服补液盐（ORS），出现少尿、嗜睡或血便应就医,科学经验
cred_p377,按免疫规划及时接种疫苗可显著降低多种传染病风险；接种后持续高热或过敏反应需就医,科学经验
cred_p378,婴幼儿发热时应使用体温计测量并关注精神状态与补液，不建议酒精擦浴；出现抽搐、呼吸困难等应及时就医,科学经验
cred_p379,婴儿睡眠建议仰卧、硬床垫，床内不放枕头被褥和毛绒玩具，可降低窒息与婴儿猝死风险,科学经验
cred_p380,2岁以下不建议长时间屏幕暴露，优先亲子阅读与游戏促进语言和社交发展,科学经验
cred_p381,说法：老人说给宝宝戴银手镯能辟邪保平安（证据不足，仅供参考）,待验证经验
cred_p382,儿童咳嗽若伴喘憋、呼吸急促或持续时间较长，应就医评估；2岁以下不建议自行使用复方镇咳感冒药,科学经验
cred_p383,1岁以内不建议食用蜂蜜，以避免婴儿肉毒中毒风险,科学经验
cred_p384,婴幼儿乘车必须使用符合身高体重的安全座椅，抱着乘车无法在碰撞中保护孩子,科学经验
cred_p385,按免疫规划及时接种疫苗可显著降低多种传染病风险；接种后持续高热或过敏反应需就医,科学经验
cred_p386,1岁以内不建议食用蜂蜜，以避免婴儿肉毒中毒风险,科学经验
cred_p387,宝宝腹泻时重点是预防脱水，可按说明使用口服补液盐（ORS），出现少尿、嗜睡或血便应就医,科学经验
cred_p388,宝宝腹泻时重点是预防脱水，可按说明使用口服补液盐（ORS），出现少尿、嗜睡或血便应就医,科学经验
cred_p389,婴儿睡眠建议仰卧、硬床垫，床内不放枕头被褥和毛绒玩具，可降低窒息与婴儿猝死风险,科学经验
cred_p390,宝宝腹泻时重点是预防脱水，可按说明使用口服补液盐（ORS），出现少尿、嗜睡或血便应就医,科学经验
cred_p391,婴儿睡眠建议仰卧、硬床垫，床内不放枕头被褥和毛绒玩具，可降低窒息与婴儿猝死风险,科学经验
cred_p392,误区：宝宝腹泻要马上止泻，吃止泻药就行（危险，不推荐）,风险经验
cred_p393,婴幼儿发热时应使用体温计测量并关注精神状态与补液，不建议酒精擦浴；出现抽搐、呼吸困难等应及时就医,科学经验
cred_p394,婴幼儿发热时应使用体温计测量并关注精神状态与补液，不建议酒精擦浴；出现抽搐、呼吸困难等应及时就医,科学经验
cred_p395,宝宝腹泻时重点是预防脱水，可按说明使用口服补液盐（ORS），出现少尿、嗜睡或血便应就医,科学经验
cred_p396,误区：一岁以下宝宝咳嗽可以喂蜂蜜止咳（危险，不推荐）,风险经验
cred_p397,婴幼儿发热时应使用体温计测量并关注精神状态与补液，不建议酒精擦浴；出现抽搐、呼吸困难等应及时就医,科学经验
cred_p398,宝宝腹泻时重点是预防脱水，可按说明使用口服补液盐（ORS），出现少尿、嗜睡或血便应就医,科学经验
cred_p399,1岁以内不建议食用蜂蜜，以避免婴儿肉毒中毒风险,科学经验
cred_p400,1岁以内不建议食用蜂蜜，以避免婴儿肉毒中毒风险,科学经验
cred_p401,添加辅食建议一次只加一种新食物并观察2-3天，出现明显皮疹、喘鸣或呕吐等过敏表现应停止并就医,科学经验
cred_p402,婴幼儿发热时应使用体温计测量并关注精神状态与补液，不建议酒精擦浴；出现抽搐、呼吸困难等应及时就医,科学经验
cred_p403,婴幼儿乘车必须使用符合身高体重的安全座椅，抱着乘车无法在碰撞中保护孩子,科学经验
cred_p404,1岁以内不建议食用蜂蜜，以避免婴儿肉毒中毒风险,科学经验
cred_p405,按免疫规划及时接种疫苗可显著降低多种传染病风险；接种后持续高热或过敏反应需就医,科学经验
cred_p406,宝宝腹泻时重点是预防脱水，可按说明使用口服补液盐（ORS），出现少尿、嗜睡或血便应就医,科学经验
cred_p407,儿童咳嗽若伴喘憋、呼吸急促或持续时间较长，应就医评估；2岁以下不建议自行使用复方镇咳感冒药,科学经验
cred_p408,儿童咳嗽若伴喘憋、呼吸急促或持续时间较长，应就医评估；2岁以下不建议自行使用复方镇咳感冒药,科学经验
cred_p409,宝宝腹泻时重点是预防脱水，可按说明使用口服补液盐（ORS），出现少尿、嗜睡或血便应就医,科学经验
cred_p410,误区：用学步车能让宝宝早点学会走路（危险，不推荐）,风险经验
cred_p411,说法：听说用醋熏能给房间消毒（证据不足，仅供参考）,待验证经验
cred_p412,添加辅食建议一次只加一种新食物并观察2-3天，出现明显皮疹、喘鸣或呕吐等过敏表现应停止并就医,科学经验
cred_p413,儿童咳嗽若伴喘憋、呼吸急促或持续时间较长，应就医评估；2岁以下不建议自行使用复方镇咳感冒药,科学经验
cred_p414,添加辅食建议一次只加一种新食物并观察2-3天，出现明显皮疹、喘鸣或呕吐等过敏表现应停止并就医,科学经验
cred_p415,宝宝腹泻时重点是预防脱水，可按说明使用口服补液盐（ORS），出现少尿、嗜睡或血便应就医,科学经验
cred_p416,按免疫规划及时接种疫苗可显著降低多种传染病风险；接种后持续高热或过敏反应需就医,科学经验
cred_p417,儿童咳嗽若伴喘憋、呼吸急促或持续时间较长，应就医评估；2岁以下不建议自行使用复方镇咳感冒药,科学经验
cred_p418,儿童咳嗽若伴喘憋、呼吸急促或持续时间较长，应就医评估；2岁以下不建议自行使用复方镇咳感冒药,科学经验
cred_p419,烫伤后应立即用流动凉水持续冲洗15-20分钟并及时评估是否需要就医,科学经验
cred_p420,说法：听说用醋熏能给房间消毒（证据不足，仅供参考）,待验证经验
cred_p421,添加辅食建议一次只加一种新食物并观察2-3天，出现明显皮疹、喘鸣或呕吐等过敏表现应停止并就医,科学经验
cred_p422,2岁以下不建议长时间屏幕暴露，优先亲子阅读与游戏促进语言和社交发展,科学经验
cred_p423,添加辅食建议一次只加一种新食物并观察2-3天，出现明显皮疹、喘鸣或呕吐等过敏表现应停止并就医,科学经验
cred_p424,误区：宝宝发烧可以用酒精擦身体（危险，不推荐）,风险经验
cred_p425,婴儿睡眠建议仰卧、硬床垫，床内不放枕头被褥和毛绒玩具，可降低窒息与婴儿猝死风险,科学经验
cred_p426,误区：宝宝发烧要捂汗，出汗就退烧了（危险，不推荐）,风险经验
cred_p427,儿童咳嗽若伴喘憋、呼吸急促或持续时间较长，应就医评估；2岁以下不建议自行使用复方镇咳感冒药,科学经验
cred_p428,宝宝腹泻时重点是预防脱水，可按说明使用口服补液盐（ORS），出现少尿、嗜睡或血便应就医,科学经验
cred_p429,说法：听说用花椒水泡脚能治感冒（证据不足，仅供参考）,待验证经验
cred_p430,烫伤后应立即用流动凉水持续冲洗15-20分钟并及时评估是否需要就医,科学经验
cred_p431,按免疫规划及时接种疫苗可显著降低多种传染病风险；接种后持续高热或过敏反应需就医,科学经验
cred_p432,2岁以下不建议长时间屏幕暴露，优先亲子阅读与游戏促进语言和社交发展,科学经验
cred_p433,说法：听说用金银花煮水洗澡能治湿疹（证据不足，仅供参考）,待验证经验
cred_p434,说法：听说用白醋泡脚能去湿气（证据不足，仅供参考）,待验证经验
cred_p435,1岁以内不建议食用蜂蜜，以避免婴儿肉毒中毒风险,科学经验
cred_p436,1岁以内不建议食用蜂蜜，以避免婴儿肉毒中毒风险,科学经验
cred_p437,说法：老人说喝点山楂水能开胃（证据不足，仅供参考）,待验证经验
cred_p438,添加辅食建议一次只加一种新食物并观察2-3天，出现明显皮疹、喘鸣或呕吐等过敏表现应停止并就医,科学经验
cred_p439,婴儿睡眠建议仰卧、硬床垫，床内不放枕头被褥和毛绒玩具，可降低窒息与婴儿猝死风险,科学经验
cred_p440,按免疫规划及时接种疫苗可显著降低多种传染病风险；接种后持续高热或过敏反应需就医,科学经验
cred_p441,婴幼儿发热时应使用体温计测量并关注精神状态与补液，不建议酒精擦浴；出现抽搐、呼吸困难等应及时就医,科学经验
cred_p442,儿童咳嗽若伴喘憋、呼吸急促或持续时间较长，应就医评估；2岁以下不建议自行使用复方镇咳感冒药,科学经验
cred_p443,说法：听说用盐水洗鼻子能预防感冒（证据不足，仅供参考）,待验证经验
cred_p444,按免疫规划及时接种疫苗可显著降低多种传染病风险；接种后持续高热或过敏反应需就医,科学经验
cred_p445,2岁以下不建议长时间屏幕暴露，优先亲子阅读与游戏促进语言和社交发展,科学经验
cred_p446,烫伤后应立即用流动凉水持续冲洗15-20分钟并及时评估是否需要就医,科学经验
cred_p447,婴幼儿发热时应使用体温计测量并关注精神状态与补液，不建议酒精擦浴；出现抽搐、呼吸困难等应及时就医,科学经验
cred_p448,说法：老人说喝点山楂水能开胃（证据不足，仅供参考）,待验证经验
cred_p449,1岁以内不建议食用蜂蜜，以避免婴儿肉毒中毒风险,科学经验
cred_p450,婴幼儿乘车必须使用符合身高体重的安全座椅，抱着乘车无法在碰撞中保护孩子,科学经验
cred_p451,儿童咳嗽若伴喘憋、呼吸急促或持续时间较长，应就医评估；2岁以下不建议自行使用复方镇咳感冒药,科学经验
cred_p452,添加辅食建议一次只加一种新食物并观察2-3天，出现明显皮疹、喘鸣或呕吐等过敏表现应停止并就医,科学经验
cred_p453,按免疫规划及时接种疫苗可显著降低多种传染病风险；接种后持续高热或过敏反应需就医,科学经验
cred_p454,儿童咳嗽若伴喘憋、呼吸急促或持续时间较长，应就医评估；2岁以下不建议自行使用复方镇咳感冒药,科学经验
cred_p455,添加辅食建议一次只加一种新食物并观察2-3天，出现明显皮疹、喘鸣或呕吐等过敏表现应停止并就医,科学经验
cred_p456,宝宝腹泻时重点是预防脱水，可按说明使用口服补液盐（ORS），出现少尿、嗜睡或血便应就医,科学经验
cred_p457,2岁以下不建议长时间屏幕暴露，优先亲子阅读与游戏促进语言和社交发展,科学经验
cred_p458,婴幼儿发热时应使用体温计测量并关注精神状态与补液，不建议酒精擦浴；出现抽搐、呼吸困难等应及时就医,科学经验
cred_p459,按免疫规划及时接种疫苗可显著降低多种传染病风险；接种后持续高热或过敏反应需就医,科学经验
cred_p460,1岁以内不建议食用蜂蜜，以避免婴儿肉毒中毒风险,科学经验
cred_p461,婴幼儿乘车必须使用符合身高体重的安全座椅，抱着乘车无法在碰撞中保护孩子,科学经验
cred_p462,婴儿睡眠建议仰卧、硬床垫，床内不放枕头被褥和毛绒玩具，可降低窒息与婴儿猝死风险,科学经验
cred_p463,添加辅食建议一次只加一种新食物并观察2-3天，出现明显皮疹、喘鸣或呕吐等过敏表现应停止并就医,科学经验
cred_p464,烫伤后应立即用流动凉水持续冲洗15-20分钟并及时评估是否需要就医,科学经验
cred_p465,说法：听说贴生姜片在脚心能止咳（证据不足，仅供参考）,待验证经验
cred_p466,添加辅食建议一次只加一种新食物并观察2-3天，出现明显皮疹、喘鸣或呕吐等过敏表现应停止并就医,科学经验
cred_p467,婴幼儿发热时应使用体温计测量并关注精神状态与补液，不建议酒精擦浴；出现抽搐、呼吸困难等应及时就医,科学经验
cred_p468,按免疫规划及时接种疫苗可显著降低多种传染病风险；接种后持续高热或过敏反应需就医,科学经验
cred_p469,说法：老人说宝宝不能见生人，会吓着（证据不足，仅供参考）,待验证经验
cred_p470,添加辅食建议一次只加一种新食物并观察2-3天，出现明显皮疹、喘鸣或呕吐等过敏表现应停止并就医,科学经验
cred_p471,婴幼儿发热时应使用体温计测量并关注精神状态与补液，不建议酒精擦浴；出现抽搐、呼吸困难等应及时就医,科学经验
cred_p472,儿童咳嗽若伴喘憋、呼吸急促或持续时间较长，应就医评估；2岁以下不建议自行使用复方镇咳感冒药,科学经验
cred_p473,误区：宝宝烫伤后涂牙膏或酱油更快好（危险，不推荐）,风险经验
cred_p474,宝宝腹泻时重点是预防脱水，可按说明使用口服补液盐（ORS），出现少尿、嗜睡或血便应就医,科学经验
cred_p475,说法：听说用盐水洗鼻子能预防感冒（证据不足，仅供参考）,待验证经验
cred_p476,误区：用学步车能让宝宝早点学会走路（危险，不推荐）,风险经验
cred_p477,添加辅食建议一次只加一种新食物并观察2-3天，出现明显皮疹、喘鸣或呕吐等过敏表现应停止并就医,科学经验
cred_p478,婴幼儿乘车必须使用符合身高体重的安全座椅，抱着乘车无法在碰撞中保护孩子,科学经验
cred_p479,说法：老人说宝宝不能见生人，会吓着（证据不足，仅供参考）,待验证经验
cred_p480,烫伤后应立即用流动凉水持续冲洗15-20分钟并及时评估是否需要就医,科学经验
cred_p481,2岁以下不建议长时间屏幕暴露，优先亲子阅读与游戏促进语言和社交发展,科学经验
cred_p482,宝宝腹泻时重点是预防脱水，可按说明使用口服补液盐（ORS），出现少尿、嗜睡或血便应就医,科学经验
cred_p483,说法：听说贴生姜片在脚心能止咳（证据不足，仅供参考）,待验证经验
cred_p484,说法：听说用醋熏能给房间消毒（证据不足，仅供参考）,待验证经验
cred_p485,婴幼儿发热时应使用体温计测量并关注精神状态与补液，不建议酒精擦浴；出现抽搐、呼吸困难等应及时就医,科学经验
cred_p486,烫伤后应立即用流动凉水持续冲洗15-20分钟并及时评估是否需要就医,科学经验
cred_p487,说法：老人说给宝宝戴银手镯能辟邪保平安（证据不足，仅供参考）,待验证经验
cred_p488,误区：宝宝烫伤后涂牙膏或酱油更快好（危险，不推荐）,风险经验
cred_p489,婴儿睡眠建议仰卧、硬床垫，床内不放枕头被褥和毛绒玩具，可降低窒息与婴儿猝死风险,科学经验
cred_p490,婴儿睡眠建议仰卧、硬床垫，床内不放枕头被褥和毛绒玩具，可降低窒息与婴儿猝死风险,科学经验
cred_p491,误区：宝宝发烧要捂汗，出汗就退烧了（危险，不推荐）,风险经验
cred_p492,1岁以内不建议食用蜂蜜，以避免婴儿肉毒中毒风险,科学经验
cred_p493,按免疫规划及时接种疫苗可显著降低多种传染病风险；接种后持续高热或过敏反应需就医,科学经验
cred_p494,婴儿睡眠建议仰卧、硬床垫，床内不放枕头被褥和毛绒玩具，可降低窒息与婴儿猝死风险,科学经验
cred_p495,婴幼儿发热时应使用体温计测量并关注精神状态与补液，不建议酒精擦浴；出现抽搐、呼吸困难等应及时就医,科学经验
cred_p496,婴幼儿发热时应使用体温计测量并关注精神状态与补液，不建议酒精擦浴；出现抽搐、呼吸困难等应及时就医,科学经验
cred_p497,婴幼儿乘车必须使用符合身高体重的安全座椅，抱着乘车无法在碰撞中保护孩子,科学经验
cred_p498,误区：宝宝发烧要捂汗，出汗就退烧了（危险，不推荐）,风险经验
cred_p499,儿童咳嗽若伴喘憋、呼吸急促或持续时间较长，应就医评估；2岁以下不建议自行使用复方镇咳感冒药,科学经验
cred_p500,婴幼儿乘车必须使用符合身高体重的安全座椅，抱着乘车无法在碰撞中保护孩子,科学经验
cred_p501,儿童咳嗽若伴喘憋、呼吸急促或持续时间较长，应就医评估；2岁以下不建议自行使用复方镇咳感冒药,科学经验
cred_p502,烫伤后应立即用流动凉水持续冲洗15-20分钟并及时评估是否需要就医,科学经验
cred_p503,误区：宝宝烫伤后涂牙膏或酱油更快好（危险，不推荐）,风险经验
cred_p504,添加辅食建议一次只加一种新食物并观察2-3天，出现明显皮疹、喘鸣或呕吐等过敏表现应停止并就医,科学经验
cred_p505,说法：听说用白醋泡脚能去湿气（证据不足，仅供参考）,待验证经验
cred_p506,婴儿睡眠建议仰卧、硬床垫，床内不放枕头被褥和毛绒玩具，可降低窒息与婴儿猝死风险,科学经验
cred_p507,婴幼儿发热时应使用体温计测量并关注精神状态与补液，不建议酒精擦浴；出现抽搐、呼吸困难等应及时就医,科学经验
cred_p508,婴儿睡眠建议仰卧、硬床垫，床内不放枕头被褥和毛绒玩具，可降低窒息与婴儿猝死风险,科学经验
cred_p509,说法：听说姜汤能发汗退烧（证据不足，仅供参考）,待验证经验
cred_p510,婴儿睡眠建议仰卧、硬床垫，床内不放枕头被褥和毛绒玩具，可降低窒息与婴儿猝死风险,科学经验
cred_p511,婴幼儿发热时应使用体温计测量并关注精神状态与补液，不建议酒精擦浴；出现抽搐、呼吸困难等应及时就医,科学经验
cred_p512,说法：老人说喝点山楂水能开胃（证据不足，仅供参考）,待验证经验
cred_p513,2岁以下不建议长时间屏幕暴露，优先亲子阅读与游戏促进语言和社交发展,科学经验
cred_p514,按免疫规划及时接种疫苗可显著降低多种传染病风险；接种后持续高热或过敏反应需就医,科学经验
cred_p515,按免疫规划及时接种疫苗可显著降低多种传染病风险；接种后持续高热或过敏反应需就医,科学经验
cred_p516,说法：听说用醋熏能给房间消毒（证据不足，仅供参考）,待验证经验
cred_p517,2岁以下不建议长时间屏幕暴露，优先亲子阅读与游戏促进语言和社交发展,科学经验
cred_p518,儿童咳嗽若伴喘憋、呼吸急促或持续时间较长，应就医评估；2岁以下不建议自行使用复方镇咳感冒药,科学经验
cred_p519,2岁以下不建议长时间屏幕暴露，优先亲子阅读与游戏促进语言和社交发展,科学经验
cred_p520,误区：宝宝感冒了用抗生素好得快（危险，不推荐）,风险经验
cred_p521,2岁以下不建议长时间屏幕暴露，优先亲子阅读与游戏促进语言和社交发展,科学经验
cred_p522,儿童咳嗽若伴喘憋、呼吸急促或持续时间较长，应就医评估；2岁以下不建议自行使用复方镇咳感冒药,科学经验
cred_p523,儿童咳嗽若伴喘憋、呼吸急促或持续时间较长，应就医评估；2岁以下不建议自行使用复方镇咳感冒药,科学经验
cred_p524,1岁以内不建议食用蜂蜜，以避免婴儿肉毒中毒风险,科学经验
cred_p525,2岁以下不建议长时间屏幕暴露，优先亲子阅读与游戏促进语言和社交发展,科学经验
cred_p526,说法：老人说喝点山楂水能开胃（证据不足，仅供参考）,待验证经验
cred_p527,烫伤后应立即用流动凉水持续冲洗15-20分钟并及时评估是否需要就医,科学经验
cred_p528,婴幼儿发热时应使用体温计测量并关注精神状态与补液，不建议酒精擦浴；出现抽搐、呼吸困难等应及时就医,科学经验
cred_p529,误区：宝宝烫伤后涂牙膏或酱油更快好（危险，不推荐）,风险经验
cred_p530,烫伤后应立即用流动凉水持续冲洗15-20分钟并及时评估是否需要就医,科学经验
cred_p531,儿童咳嗽若伴喘憋、呼吸急促或持续时间较长，应就医评估；2岁以下不建议自行使用复方镇咳感冒药,科学经验
cred_p532,2岁以下不建议长时间屏幕暴露，优先亲子阅读与游戏促进语言和社交发展,科学经验
cred_p533,婴幼儿乘车必须使用符合身高体重的安全座椅，抱着乘车无法在碰撞中保护孩子,科学经验
cred_p534,1岁以内不建议食用蜂蜜，以避免婴儿肉毒中毒风险,科学经验
cred_p535,婴幼儿乘车必须使用符合身高体重的安全座椅，抱着乘车无法在碰撞中保护孩子,科学经验
cred_p536,按免疫规划及时接种疫苗可显著降低多种传染病风险；接种后持续高热或过敏反应需就医,科学经验
cred_p537,添加辅食建议一次只加一种新食物并观察2-3天，出现明显皮疹、喘鸣或呕吐等过敏表现应停止并就医,科学经验
cred_p538,儿童咳嗽若伴喘憋、呼吸急促或持续时间较长，应就医评估；2岁以下不建议自行使用复方镇咳感冒药,科学经验
cred_p539,说法：听说用盐水洗鼻子能预防感冒（证据不足，仅供参考）,待验证经验
cred_p540,误区：宝宝烫伤后涂牙膏或酱油更快好（危险，不推荐）,风险经验
cred_p541,1岁以内不建议食用蜂蜜，以避免婴儿肉毒中毒风险,科学经验
cred_p542,宝宝腹泻时重点是预防脱水，可按说明使用口服补液盐（ORS），出现少尿、嗜睡或血便应就医,科学经验
cred_p543,说法：听说用醋熏能给房间消毒（证据不足，仅供参考）,待验证经验
cred_p544,2岁以下不建议长时间屏幕暴露，优先亲子阅读与游戏促进语言和社交发展,科学经验
cred_p545,说法：听说贴生姜片在脚心能止咳（证据不足，仅供参考）,待验证经验
cred_p546,宝宝腹泻时重点是预防脱水，可按说明使用口服补液盐（ORS），出现少尿、嗜睡或血便应就医,科学经验
cred_p547,婴幼儿乘车必须使用符合身高体重的安全座椅，抱着乘车无法在碰撞中保护孩子,科学经验
cred_p548,宝宝腹泻时重点是预防脱水，可按说明使用口服补液盐（ORS），出现少尿、嗜睡或血便应就医,科学经验
cred_p549,1岁以内不建议食用蜂蜜，以避免婴儿肉毒中毒风险,科学经验
cred_p550,添加辅食建议一次只加一种新食物并观察2-3天，出现明显皮疹、喘鸣或呕吐等过敏表现应停止并就医,科学经验
cred_p551,按免疫规划及时接种疫苗可显著降低多种传染病风险；接种后持续高热或过敏反应需就医,科学经验
cred_p552,婴幼儿发热时应使用体温计测量并关注精神状态与补液，不建议酒精擦浴；出现抽搐、呼吸困难等应及时就医,科学经验
cred_p553,婴幼儿发热时应使用体温计测量并关注精神状态与补液，不建议酒精擦浴；出现抽搐、呼吸困难等应及时就医,科学经验
cred_p554,说法：听说用花椒水泡脚能治感冒（证据不足，仅供参考）,待验证经验
cred_p555,添加辅食建议一次只加一种新食物并观察2-3天，出现明显皮疹、喘鸣或呕吐等过敏表现应停止并就医,科学经验
cred_p556,添加辅食建议一次只加一种新食物并观察2-3天，出现明显皮疹、喘鸣或呕吐等过敏表现应停止并就医,科学经验
cred_p557,误区：给宝宝用成人的感冒药减量吃就可以（危险，不推荐）,风险经验
cred_p558,按免疫规划及时接种疫苗可显著降低多种传染病风险；接种后持续高热或过敏反应需就医,科学经验
cred_p559,1岁以内不建议食用蜂蜜，以避免婴儿肉毒中毒风险,科学经验
cred_p560,添加辅食建议一次只加一种新食物并观察2-3天，出现明显皮疹、喘鸣或呕吐等过敏表现应停止并就医,科学经验
cred_p561,说法：听说用白醋泡脚能去湿气（证据不足，仅供参考）,待验证经验
cred_p562,2岁以下不建议长时间屏幕暴露，优先亲子阅读与游戏促进语言和社交发展,科学经验
cred_p563,2岁以下不建议长时间屏幕暴露，优先亲子阅读与游戏促进语言和社交发展,科学经验
cred_p564,婴儿睡眠建议仰卧、硬床垫，床内不放枕头被褥和毛绒玩具，可降低窒息与婴儿猝死风险,科学经验
cred_p565,烫伤后应立即用流动凉水持续冲洗15-20分钟并及时评估是否需要就医,科学经验
cred_p566,宝宝腹泻时重点是预防脱水，可按说明使用口服补液盐（ORS），出现少尿、嗜睡或血便应就医,科学经验
cred_p567,说法：听说姜汤能发汗退烧（证据不足，仅供参考）,待验证经验
cred_p568,1岁以内不建议食用蜂蜜，以避免婴儿肉毒中毒风险,科学经验
cred_p569,说法：老人说宝宝不能见生人，会吓着（证据不足，仅供参考）,待验证经验
cred_p570,添加辅食建议一次只加一种新食物并观察2-3天，出现明显皮疹、喘鸣或呕吐等过敏表现应停止并就医,科学经验
cred_p571,按免疫规划及时接种疫苗可显著降低多种传染病风险；接种后持续高热或过敏反应需就医,科学经验
cred_p572,2岁以下不建议长时间屏幕暴露，优先亲子阅读与游戏促进语言和社交发展,科学经验
cred_p573,婴幼儿发热时应使用体温计测量并关注精神状态与补液，不建议酒精擦浴；出现抽搐、呼吸困难等应及时就医,科学经验
cred_p574,婴儿睡眠建议仰卧、硬床垫，床内不放枕头被褥和毛绒玩具，可降低窒息与婴儿猝死风险,科学经验
cred_p575,宝宝腹泻时重点是预防脱水，可按说明使用口服补液盐（ORS），出现少尿、嗜睡或血便应就医,科学经验
cred_p576,误区：宝宝发烧要捂汗，出汗就退烧了（危险，不推荐）,风险经验
cred_p577,婴儿睡眠建议仰卧、硬床垫，床内不放枕头被褥和毛绒玩具，可降低窒息与婴儿猝死风险,科学经验
cred_p578,婴儿睡眠建议仰卧、硬床垫，床内不放枕头被褥和毛绒玩具，可降低窒息与婴儿猝死风险,科学经验
cred_p579,误区：用学步车能让宝宝早点学会走路（危险，不推荐）,风险经验
cred_p580,宝宝腹泻时重点是预防脱水，可按说明使用口服补液盐（ORS），出现少尿、嗜睡或血便应就医,科学经验
cred_p581,婴幼儿乘车必须使用符合身高体重的安全座椅，抱着乘车无法在碰撞中保护孩子,科学经验
cred_p582,说法：老人说宝宝不能见生人，会吓着（证据不足，仅供参考）,待验证经验
cred_p583,宝宝腹泻时重点是预防脱水，可按说明使用口服补液盐（ORS），出现少尿、嗜睡或血便应就医,科学经验
cred_p584,说法：老人说喝点山楂水能开胃（证据不足，仅供参考）,待验证经验
cred_p585,说法：听说贴生姜片在脚心能止咳（证据不足，仅供参考）,待验证经验
cred_p586,误区：宝宝发烧可以用酒精擦身体（危险，不推荐）,风险经验
cred_p587,宝宝腹泻时重点是预防脱水，可按说明使用口服补液盐（ORS），出现少尿、嗜睡或血便应就医,科学经验
cred_p588,宝宝腹泻时重点是预防脱水，可按说明使用口服补液盐（ORS），出现少尿、嗜睡或血便应就医,科学经验
cred_p589,婴儿睡眠建议仰卧、硬床垫，床内不放枕头被褥和毛绒玩具，可降低窒息与婴儿猝死风险,科学经验
cred_p590,说法：听说用醋熏能给房间消毒（证据不足，仅供参考）,待验证经验
cred_p591,1岁以内不建议食用蜂蜜，以避免婴儿肉毒中毒风险,科学经验
cred_p592,宝宝腹泻时重点是预防脱水，可按说明使用口服补液盐（ORS），出现少尿、嗜睡或血便应就医,科学经验
cred_p593,说法：听说姜汤能发汗退烧（证据不足，仅供参考）,待验证经验
cred_p594,误区：一岁以下宝宝咳嗽可以喂蜂蜜止咳（危险，不推荐）,风险经验
cred_p595,婴儿睡眠建议仰卧、硬床垫，床内不放枕头被褥和毛绒玩具，可降低窒息与婴儿猝死风险,科学经验
cred_p596,1岁以内不建议食用蜂蜜，以避免婴儿肉毒中毒风险,科学经验
cred_p597,宝宝腹泻时重点是预防脱水，可按说明使用口服补液盐（ORS），出现少尿、嗜睡或血便应就医,科学经验
cred_p598,误区：宝宝感冒了用抗生素好得快（危险，不推荐）,风险经验
cred_p599,添加辅食建议一次只加一种新食物并观察2-3天，出现明显皮疹、喘鸣或呕吐等过敏表现应停止并就医,科学经验
cred_p600,2岁以下不建议长时间屏幕暴露，优先亲子阅读与游戏促进语言和社交发展,科学经验
cred_p601,说法：听说用金银花煮水洗澡能治湿疹（证据不足，仅供参考）,待验证经验
cred_p602,按免疫规划及时接种疫苗可显著降低多种传染病风险；接种后持续高热或过敏反应需就医,科学经验
cred_p603,婴儿睡眠建议仰卧、硬床垫，床内不放枕头被褥和毛绒玩具，可降低窒息与婴儿猝死风险,科学经验
cred_p604,烫伤后应立即用流动凉水持续冲洗15-20分钟并及时评估是否需要就医,科学经验
cred_p605,烫伤后应立即用流动凉水持续冲洗15-20分钟并及时评估是否需要就医,科学经验
cred_p606,误区：宝宝发烧要捂汗，出汗就退烧了（危险，不推荐）,风险经验
cred_p607,1岁以内不建议食用蜂蜜，以避免婴儿肉毒中毒风险,科学经验
cred_p608,婴儿睡眠建议仰卧、硬床垫，床内不放枕头被褥和毛绒玩具，可降低窒息与婴儿猝死风险,科学经验
cred_p609,宝宝腹泻时重点是预防脱水，可按说明使用口服补液盐（ORS），出现少尿、嗜睡或血便应就医,科学经验
cred_p610,1岁以内不建议食用蜂蜜，以避免婴儿肉毒中毒风险,科学经验
cred_p611,婴幼儿发热时应使用体温计测量并关注精神状态与补液，不建议酒精擦浴；出现抽搐、呼吸困难等应及时就医,科学经验
cred_p612,2岁以下不建议长时间屏幕暴露，优先亲子阅读与游戏促进语言和社交发展,科学经验
cred_p613,婴儿睡眠建议仰卧、硬床垫，床内不放枕头被褥和毛绒玩具，可降低窒息与婴儿猝死风险,科学经验
cred_p614,说法：听说用盐水洗鼻子能预防感冒（证据不足，仅供参考）,待验证经验
cred_p615,1岁以内不建议食用蜂蜜，以避免婴儿肉毒中毒风险,科学经验
cred_p616,2岁以下不建议长时间屏幕暴露，优先亲子阅读与游戏促进语言和社交发展,科学经验
cred_p617,2岁以下不建议长时间屏幕暴露，优先亲子阅读与游戏促进语言和社交发展,科学经验
cred_p618,宝宝腹泻时重点是预防脱水，可按说明使用口服补液盐（ORS），出现少尿、嗜睡或血便应就医,科学经验
cred_p619,1岁以内不建议食用蜂蜜，以避免婴儿肉毒中毒风险,科学经验
cred_p620,1岁以内不建议食用蜂蜜，以避免婴儿肉毒中毒风险,科学经验
cred_p621,说法：听说姜汤能发汗退烧（证据不足，仅供参考）,待验证经验
cred_p622,婴幼儿乘车必须使用符合身高体重的安全座椅，抱着乘车无法在碰撞中保护孩子,科学经验
cred_p623,宝宝腹泻时重点是预防脱水，可按说明使用口服补液盐（ORS），出现少尿、嗜睡或血便应就医,科学经验
cred_p624,说法：老人说宝宝不能见生人，会吓着（证据不足，仅供参考）,待验证经验
cred_p625,儿童咳嗽若伴喘憋、呼吸急促或持续时间较长，应就医评估；2岁以下不建议自行使用复方镇咳感冒药,科学经验
cred_p626,说法：听说用花椒水泡脚能治感冒（证据不足，仅供参考）,待验证经验
cred_p627,婴幼儿乘车必须使用符合身高体重的安全座椅，抱着乘车无法在碰撞中保护孩子,科学经验
cred_p628,按免疫规划及时接种疫苗可显著降低多种传染病风险；接种后持续高热或过敏反应需就医,科学经验
cred_p629,儿童咳嗽若伴喘憋、呼吸急促或持续时间较长，应就医评估；2岁以下不建议自行使用复方镇咳感冒药,科学经验
cred_p630,说法：老人说给宝宝戴银手镯能辟邪保平安（证据不足，仅供参考）,待验证经验
cred_p631,宝宝腹泻时重点是预防脱水，可按说明使用口服补液盐（ORS），出现少尿、嗜睡或血便应就医,科学经验
cred_p632,宝宝腹泻时重点是预防脱水，可按说明使用口服补液盐（ORS），出现少尿、嗜睡或血便应就医,科学经验
cred_p633,说法：听说用醋熏能给房间消毒（证据不足，仅供参考）,待验证经验
cred_p634,误区：宝宝发烧可以用酒精擦身体（危险，不推荐）,风险经验
cred_p635,烫伤后应立即用流动凉水持续冲洗15-20分钟并及时评估是否需要就医,科学经验
cred_p636,添加辅食建议一次只加一种新食物并观察2-3天，出现明显皮疹、喘鸣或呕吐等过敏表现应停止并就医,科学经验
cred_p637,按免疫规划及时接种疫苗可显著降低多种传染病风险；接种后持续高热或过敏反应需就医,科学经验
cred_p638,婴幼儿乘车必须使用符合身高体重的安全座椅，抱着乘车无法在碰撞中保护孩子,科学经验
cred_p639,婴儿睡眠建议仰卧、硬床垫，床内不放枕头被褥和毛绒玩具，可降低窒息与婴儿猝死风险,科学经验
cred_p640,婴幼儿乘车必须使用符合身高体重的安全座椅，抱着乘车无法在碰撞中保护孩子,科学经验
cred_p641,婴儿睡眠建议仰卧、硬床垫，床内不放枕头被褥和毛绒玩具，可降低窒息与婴儿猝死风险,科学经验
cred_p642,儿童咳嗽若伴喘憋、呼吸急促或持续时间较长，应就医评估；2岁以下不建议自行使用复方镇咳感冒药,科学经验
cred_p643,误区：给宝宝用成人的感冒药减量吃就可以（危险，不推荐）,风险经验
cred_p644,1岁以内不建议食用蜂蜜，以避免婴儿肉毒中毒风险,科学经验
cred_p645,儿童咳嗽若伴喘憋、呼吸急促或持续时间较长，应就医评估；2岁以下不建议自行使用复方镇咳感冒药,科学经验
cred_p646,说法：听说用金银花煮水洗澡能治湿疹（证据不足，仅供参考）,待验证经验
cred_p647,按免疫规划及时接种疫苗可显著降低多种传染病风险；接种后持续高热或过敏反应需就医,科学经验
cred_p648,说法：听说用白醋泡脚能去湿气（证据不足，仅供参考）,待验证经验
cred_p649,1岁以内不建议食用蜂蜜，以避免婴儿肉毒中毒风险,科学经验
cred_p650,烫伤后应立即用流动凉水持续冲洗15-20分钟并及时评估是否需要就医,科学经验
cred_p651,说法：听说用醋熏能给房间消毒（证据不足，仅供参考）,待验证经验
cred_p652,添加辅食建议一次只加一种新食物并观察2-3天，出现明显皮疹、喘鸣或呕吐等过敏表现应停止并就医,科学经验
cred_p653,说法：老人说给宝宝戴银手镯能辟邪保平安（证据不足，仅供参考）,待验证经验
cred_p654,婴儿睡眠建议仰卧、硬床垫，床内不放枕头被褥和毛绒玩具，可降低窒息与婴儿猝死风险,科学经验
cred_p655,儿童咳嗽若伴喘憋、呼吸急促或持续时间较长，应就医评估；2岁以下不建议自行使用复方镇咳感冒药,科学经验
cred_p656,宝宝腹泻时重点是预防脱水，可按说明使用口服补液盐（ORS），出现少尿、嗜睡或血便应就医,科学经验
cred_p657,婴儿睡眠建议仰卧、硬床垫，床内不放枕头被褥和毛绒玩具，可降低窒息与婴儿猝死风险,科学经验
cred_p658,说法：听说用花椒水泡脚能治感冒（证据不足，仅供参考）,待验证经验
cred_p659,按免疫规划及时接种疫苗可显著降低多种传染病风险；接种后持续高热或过敏反应需就医,科学经验
cred_p660,1岁以内不建议食用蜂蜜，以避免婴儿肉毒中毒风险,科学经验
cred_p661,说法：听说用盐水洗鼻子能预防感冒（证据不足，仅供参考）,待验证经验
cred_p662,婴幼儿发热时应使用体温计测量并关注精神状态与补液，不建议酒精擦浴；出现抽搐、呼吸困难等应及时就医,科学经验
cred_p663,误区：宝宝感冒了用抗生素好得快（危险，不推荐）,风险经验
cred_p664,按免疫规划及时接种疫苗可显著降低多种传染病风险；接种后持续高热或过敏反应需就医,科学经验
cred_p665,添加辅食建议一次只加一种新食物并观察2-3天，出现明显皮疹、喘鸣或呕吐等过敏表现应停止并就医,科学经验
cred_p666,说法：听说用花椒水泡脚能治感冒（证据不足，仅供参考）,待验证经验
cred_p667,2岁以下不建议长时间屏幕暴露，优先亲子阅读与游戏促进语言和社交发展,科学经验
cred_p668,婴儿睡眠建议仰卧、硬床垫，床内不放枕头被褥和毛绒玩具，可降低窒息与婴儿猝死风险,科学经验
cred_p669,按免疫规划及时接种疫苗可显著降低多种传染病风险；接种后持续高热或过敏反应需就医,科学经验
cred_p670,1岁以内不建议食用蜂蜜，以避免婴儿肉毒中毒风险,科学经验
cred_p671,婴幼儿发热时应使用体温计测量并关注精神状态与补液，不建议酒精擦浴；出现抽搐、呼吸困难等应及时就医,科学经验
cred_p672,烫伤后应立即用流动凉水持续冲洗15-20分钟并及时评估是否需要就医,科学经验
cred_p673,说法：老人说给宝宝戴银手镯能辟邪保平安（证据不足，仅供参考）,待验证经验
cred_p674,婴幼儿乘车必须使用符合身高体重的安全座椅，抱着乘车无法在碰撞中保护孩子,科学经验
cred_p675,说法：老人说给宝宝戴银手镯能辟邪保平安（证据不足，仅供参考）,待验证经验
cred_p676,说法：老人说宝宝不能见生人，会吓着（证据不足，仅供参考）,待验证经验
cred_p677,婴幼儿乘车必须使用符合身高体重的安全座椅，抱着乘车无法在碰撞中保护孩子,科学经验
cred_p678,说法：听说用盐水洗鼻子能预防感冒（证据不足，仅供参考）,待验证经验
cred_p679,婴儿睡眠建议仰卧、硬床垫，床内不放枕头被褥和毛绒玩具，可降低窒息与婴儿猝死风险,科学经验
cred_p680,儿童咳嗽若伴喘憋、呼吸急促或持续时间较长，应就医评估；2岁以下不建议自行使用复方镇咳感冒药,科学经验
cred_p681,说法：听说用醋熏能给房间消毒（证据不足，仅供参考）,待验证经验
cred_p682,婴儿睡眠建议仰卧、硬床垫，床内不放枕头被褥和毛绒玩具，可降低窒息与婴儿猝死风险,科学经验
cred_p683,婴幼儿乘车必须使用符合身高体重的安全座椅，抱着乘车无法在碰撞中保护孩子,科学经验
cred_p684,说法：听说用白醋泡脚能去湿气（证据不足，仅供参考）,待验证经验
cred_p685,误区：新生儿喂黄连水可以去胎毒（危险，不推荐）,风险经验
cred_p686,说法：听说用金银花煮水洗澡能治湿疹（证据不足，仅供参考）,待验证经验
cred_p687,说法：听说用盐水洗鼻子能预防感冒（证据不足，仅供参考）,待验证经验
cred_p688,添加辅食建议一次只加一种新食物并观察2-3天，出现明显皮疹、喘鸣或呕吐等过敏表现应停止并就医,科学经验
cred_p689,2岁以下不建议长时间屏幕暴露，优先亲子阅读与游戏促进语言和社交发展,科学经验
cred_p690,误区：一岁以下宝宝咳嗽可以喂蜂蜜止咳（危险，不推荐）,风险经验
cred_p691,烫伤后应立即用流动凉水持续冲洗15-20分钟并及时评估是否需要就医,科学经验
cred_p692,2岁以下不建议长时间屏幕暴露，优先亲子阅读与游戏促进语言和社交发展,科学经验
cred_p693,儿童咳嗽若伴喘憋、呼吸急促或持续时间较长，应就医评估；2岁以下不建议自行使用复方镇咳感冒药,科学经验
cred_p694,1岁以内不建议食用蜂蜜，以避免婴儿肉毒中毒风险,科学经验
cred_p695,按免疫规划及时接种疫苗可显著降低多种传染病风险；接种后持续高热或过敏反应需就医,科学经验
cred_p696,误区：用学步车能让宝宝早点学会走路（危险，不推荐）,风险经验
cred_p697,1岁以内不建议食用蜂蜜，以避免婴儿肉毒中毒风险,科学经验
cred_p698,误区：宝宝烫伤后涂牙膏或酱油更快好（危险，不推荐）,风险经验
cred_p699,婴幼儿发热时应使用体温计测量并关注精神状态与补液，不建议酒精擦浴；出现抽搐、呼吸困难等应及时就医,科学经验
cred_p700,烫伤后应立即用流动凉水持续冲洗15-20分钟并及时评估是否需要就医,科学经验
cred_p701,说法：听说用醋熏能给房间消毒（证据不足，仅供参考）,待验证经验
cred_p702,1岁以内不建议食用蜂蜜，以避免婴儿肉毒中毒风险,科学经验
cred_p703,说法：听说姜汤能发汗退烧（证据不足，仅供参考）,待验证经验
cred_p704,儿童咳嗽若伴喘憋、呼吸急促或持续时间较长，应就医评估；2岁以下不建议自行使用复方镇咳感冒药,科学经验
cred_p705,宝宝腹泻时重点是预防脱水，可按说明使用口服补液盐（ORS），出现少尿、嗜睡或血便应就医,科学经验
cred_p706,儿童咳嗽若伴喘憋、呼吸急促或持续时间较长，应就医评估；2岁以下不建议自行使用复方镇咳感冒药,科学经验
cred_p707,婴幼儿乘车必须使用符合身高体重的安全座椅，抱着乘车无法在碰撞中保护孩子,科学经验
cred_p708,婴幼儿乘车必须使用符合身高体重的安全座椅，抱着乘车无法在碰撞中保护孩子,科学经验
cred_p709,说法：听说用盐水洗鼻子能预防感冒（证据不足，仅供参考）,待验证经验
cred_p710,说法：听说用花椒水泡脚能治感冒（证据不足，仅供参考）,待验证经验
cred_p711,添加辅食建议一次只加一种新食物并观察2-3天，出现明显皮疹、喘鸣或呕吐等过敏表现应停止并就医,科学经验
cred_p712,烫伤后应立即用流动凉水持续冲洗15-20分钟并及时评估是否需要就医,科学经验
cred_p713,婴儿睡眠建议仰卧、硬床垫，床内不放枕头被褥和毛绒玩具，可降低窒息与婴儿猝死风险,科学经验
cred_p714,婴儿睡眠建议仰卧、硬床垫，床内不放枕头被褥和毛绒玩具，可降低窒息与婴儿猝死风险,科学经验
cred_p715,说法：老人说喝点山楂水能开胃（证据不足，仅供参考）,待验证经验
cred_p716,1岁以内不建议食用蜂蜜，以避免婴儿肉毒中毒风险,科学经验
cred_p717,宝宝腹泻时重点是预防脱水，可按说明使用口服补液盐（ORS），出现少尿、嗜睡或血便应就医,科学经验
cred_p718,1岁以内不建议食用蜂蜜，以避免婴儿肉毒中毒风险,科学经验
cred_p719,婴幼儿乘车必须使用符合身高体重的安全座椅，抱着乘车无法在碰撞中保护孩子,科学经验
cred_p720,说法：老人说宝宝不能见生人，会吓着（证据不足，仅供参考）,待验证经验
cred_p721,误区：一岁以下宝宝咳嗽可以喂蜂蜜止咳（危险，不推荐）,风险经验
cred_p722,2岁以下不建议长时间屏幕暴露，优先亲子阅读与游戏促进语言和社交发展,科学经验
cred_p723,说法：听说贴生姜片在脚心能止咳（证据不足，仅供参考）,待验证经验
cred_p724,按免疫规划及时接种疫苗可显著降低多种传染病风险；接种后持续高热或过敏反应需就医,科学经验
cred_p725,误区：新生儿喂黄连水可以去胎毒（危险，不推荐）,风险经验
cred_p726,按免疫规划及时接种疫苗可显著降低多种传染病风险；接种后持续高热或过敏反应需就医,科学经验
cred_p727,婴儿睡眠建议仰卧、硬床垫，床内不放枕头被褥和毛绒玩具，可降低窒息与婴儿猝死风险,科学经验
cred_p728,误区：宝宝腹泻要马上止泻，吃止泻药就行（危险，不推荐）,风险经验
cred_p729,婴幼儿发热时应使用体温计测量并关注精神状态与补液，不建议酒精擦浴；出现抽搐、呼吸困难等应及时就医,科学经验
cred_p730,说法：听说姜汤能发汗退烧（证据不足，仅供参考）,待验证经验
cred_p731,说法：听说用醋熏能给房间消毒（证据不足，仅供参考）,待验证经验
cred_p732,添加辅食建议一次只加一种新食物并观察2-3天，出现明显皮疹、喘鸣或呕吐等过敏表现应停止并就医,科学经验
cred_p733,说法：听说贴生姜片在脚心能止咳（证据不足，仅供参考）,待验证经验
cred_p734,添加辅食建议一次只加一种新食物并观察2-3天，出现明显皮疹、喘鸣或呕吐等过敏表现应停止并就医,科学经验
cred_p735,按免疫规划及时接种疫苗可显著降低多种传染病风险；接种后持续高热或过敏反应需就医,科学经验
cred_p736,按免疫规划及时接种疫苗可显著降低多种传染病风险；接种后持续高热或过敏反应需就医,科学经验
cred_p737,说法：听说姜汤能发汗退烧（证据不足，仅供参考）,待验证经验
cred_p738,婴幼儿乘车必须使用符合身高体重的安全座椅，抱着乘车无法在碰撞中保护孩子,科学经验
cred_p739,1岁以内不建议食用蜂蜜，以避免婴儿肉毒中毒风险,科学经验
cred_p740,婴幼儿乘车必须使用符合身高体重的安全座椅，抱着乘车无法在碰撞中保护孩子,科学经验
cred_p741,2岁以下不建议长时间屏幕暴露，优先亲子阅读与游戏促进语言和社交发展,科学经验
cred_p742,婴儿睡眠建议仰卧、硬床垫，床内不放枕头被褥和毛绒玩具，可降低窒息与婴儿猝死风险,科学经验
cred_p743,婴幼儿发热时应使用体温计测量并关注精神状态与补液，不建议酒精擦浴；出现抽搐、呼吸困难等应及时就医,科学经验
cred_p744,误区：给宝宝用成人的感冒药减量吃就可以（危险，不推荐）,风险经验
cred_p745,儿童咳嗽若伴喘憋、呼吸急促或持续时间较长，应就医评估；2岁以下不建议自行使用复方镇咳感冒药,科学经验
cred_p746,婴幼儿乘车必须使用符合身高体重的安全座椅，抱着乘车无法在碰撞中保护孩子,科学经验
cred_p747,婴儿睡眠建议仰卧、硬床垫，床内不放枕头被褥和毛绒玩具，可降低窒息与婴儿猝死风险,科学经验
cred_p748,2岁以下不建议长时间屏幕暴露，优先亲子阅读与游戏促进语言和社交发展,科学经验
cred_p749,宝宝腹泻时重点是预防脱水，可按说明使用口服补液盐（ORS），出现少尿、嗜睡或血便应就医,科学经验
cred_p750,2岁以下不建议长时间屏幕暴露，优先亲子阅读与游戏促进语言和社交发展,科学经验
cred_p751,烫伤后应立即用流动凉水持续冲洗15-20分钟并及时评估是否需要就医,科学经验
cred_p752,2岁以下不建议长时间屏幕暴露，优先亲子阅读与游戏促进语言和社交发展,科学经验
cred_p753,添加辅食建议一次只加一种新食物并观察2-3天，出现明显皮疹、喘鸣或呕吐等过敏表现应停止并就医,科学经验
cred_p754,2岁以下不建议长时间屏幕暴露，优先亲子阅读与游戏促进语言和社交发展,科学经验
cred_p755,宝宝腹泻时重点是预防脱水，可按说明使用口服补液盐（ORS），出现少尿、嗜睡或血便应就医,科学经验
cred_p756,2岁以下不建议长时间屏幕暴露，优先亲子阅读与游戏促进语言和社交发展,科学经验
cred_p757,儿童咳嗽若伴喘憋、呼吸急促或持续时间较长，应就医评估；2岁以下不建议自行使用复方镇咳感冒药,科学经验
cred_p758,说法：老人说喝点山楂水能开胃（证据不足，仅供参考）,待验证经验
cred_p759,2岁以下不建议长时间屏幕暴露，优先亲子阅读与游戏促进语言和社交发展,科学经验
cred_p760,婴幼儿乘车必须使用符合身高体重的安全座椅，抱着乘车无法在碰撞中保护孩子,科学经验
cred_p761,婴幼儿发热时应使用体温计测量并关注精神状态与补液，不建议酒精擦浴；出现抽搐、呼吸困难等应及时就医,科学经验
cred_p762,添加辅食建议一次只加一种新食物并观察2-3天，出现明显皮疹、喘鸣或呕吐等过敏表现应停止并就医,科学经验
cred_p763,1岁以内不建议食用蜂蜜，以避免婴儿肉毒中毒风险,科学经验
cred_p764,烫伤后应立即用流动凉水持续冲洗15-20分钟并及时评估是否需要就医,科学经验
cred_p765,按免疫规划及时接种疫苗可显著降低多种传染病风险；接种后持续高热或过敏反应需就医,科学经验
cred_p766,婴儿睡眠建议仰卧、硬床垫，床内不放枕头被褥和毛绒玩具，可降低窒息与婴儿猝死风险,科学经验
cred_p767,说法：老人说给宝宝戴银手镯能辟邪保平安（证据不足，仅供参考）,待验证经验
cred_p768,2岁以下不建议长时间屏幕暴露，优先亲子阅读与游戏促进语言和社交发展,科学经验
cred_p769,婴幼儿发热时应使用体温计测量并关注精神状态与补液，不建议酒精擦浴；出现抽搐、呼吸困难等应及时就医,科学经验
cred_p770,说法：听说用金银花煮水洗澡能治湿疹（证据不足，仅供参考）,待验证经验
cred_p771,烫伤后应立即用流动凉水持续冲洗15-20分钟并及时评估是否需要就医,科学经验
cred_p772,烫伤后应立即用流动凉水持续冲洗15-20分钟并及时评估是否需要就医,科学经验
cred_p773,说法：老人说喝点山楂水能开胃（证据不足，仅供参考）,待验证经验
cred_p774,误区：宝宝烫伤后涂牙膏或酱油更快好（危险，不推荐）,风险经验
cred_p775,添加辅食建议一次只加一种新食物并观察2-3天，出现明显皮疹、喘鸣或呕吐等过敏表现应停止并就医,科学经验
cred_p776,按免疫规划及时接种疫苗可显著降低多种传染病风险；接种后持续高热或过敏反应需就医,科学经验
cred_p777,婴幼儿发热时应使用体温计测量并关注精神状态与补液，不建议酒精擦浴；出现抽搐、呼吸困难等应及时就医,科学经验
cred_p778,添加辅食建议一次只加一种新食物并观察2-3天，出现明显皮疹、喘鸣或呕吐等过敏表现应停止并就医,科学经验
cred_p779,婴幼儿乘车必须使用符合身高体重的安全座椅，抱着乘车无法在碰撞中保护孩子,科学经验
cred_p780,按免疫规划及时接种疫苗可显著降低多种传染病风险；接种后持续高热或过敏反应需就医,科学经验
cred_p781,说法：老人说给宝宝戴银手镯能辟邪保平安（证据不足，仅供参考）,待验证经验
cred_p782,儿童咳嗽若伴喘憋、呼吸急促或持续时间较长，应就医评估；2岁以下不建议自行使用复方镇咳感冒药,科学经验
cred_p783,2岁以下不建议长时间屏幕暴露，优先亲子阅读与游戏促进语言和社交发展,科学经验
cred_p784,婴幼儿乘车必须使用符合身高体重的安全座椅，抱着乘车无法在碰撞中保护孩子,科学经验
cred_p785,说法：听说用醋熏能给房间消毒（证据不足，仅供参考）,待验证经验
cred_p786,婴幼儿乘车必须使用符合身高体重的安全座椅，抱着乘车无法在碰撞中保护孩子,科学经验
cred_p787,宝宝腹泻时重点是预防脱水，可按说明使用口服补液盐（ORS），出现少尿、嗜睡或血便应就医,科学经验
cred_p788,说法：老人说宝宝不能见生人，会吓着（证据不足，仅供参考）,待验证经验
cred_p789,儿童咳嗽若伴喘憋、呼吸急促或持续时间较长，应就医评估；2岁以下不建议自行使用复方镇咳感冒药,科学经验
cred_p790,1岁以内不建议食用蜂蜜，以避免婴儿肉毒中毒风险,科学经验
cred_p791,2岁以下不建议长时间屏幕暴露，优先亲子阅读与游戏促进语言和社交发展,科学经验
cred_p792,1岁以内不建议食用蜂蜜，以避免婴儿肉毒中毒风险,科学经验
cred_p793,宝宝腹泻时重点是预防脱水，可按说明使用口服补液盐（ORS），出现少尿、嗜睡或血便应就医,科学经验
cred_p794,婴幼儿发热时应使用体温计测量并关注精神状态与补液，不建议酒精擦浴；出现抽搐、呼吸困难等应及时就医,科学经验
cred_p795,婴幼儿乘车必须使用符合身高体重的安全座椅，抱着乘车无法在碰撞中保护孩子,科学经验
cred_p796,婴幼儿发热时应使用体温计测量并关注精神状态与补液，不建议酒精擦浴；出现抽搐、呼吸困难等应及时就医,科学经验
cred_p797,婴儿睡眠建议仰卧、硬床垫，床内不放枕头被褥和毛绒玩具，可降低窒息与婴儿猝死风险,科学经验
cred_p798,说法：听说用金银花煮水洗澡能治湿疹（证据不足，仅供参考）,待验证经验
cred_p799,儿童咳嗽若伴喘憋、呼吸急促或持续时间较长，应就医评估；2岁以下不建议自行使用复方镇咳感冒药,科学经验
cred_p800,误区：新生儿喂黄连水可以去胎毒（危险，不推荐）,风险经验
cred_p801,说法：老人说喝点山楂水能开胃（证据不足，仅供参考）,待验证经验
cred_p802,误区：给宝宝绑腿可以让腿更直（危险，不推荐）,风险经验
cred_p803,说法：听说姜汤能发汗退烧（证据不足，仅供参考）,待验证经验
cred_p804,误区：宝宝腹泻要马上止泻，吃止泻药就行（危险，不推荐）,风险经验
cred_p805,误区：新生儿喂黄连水可以去胎毒（危险，不推荐）,风险经验
cred_p806,烫伤后应立即用流动凉水持续冲洗15-20分钟并及时评估是否需要就医,科学经验
cred_p807,误区：给宝宝用成人的感冒药减量吃就可以（危险，不推荐）,风险经验
cred_p808,误区：新生儿喂黄连水可以去胎毒（危险，不推荐）,风险经验
cred_p809,2岁以下不建议长时间屏幕暴露，优先亲子阅读与游戏促进语言和社交发展,科学经验
cred_p810,宝宝腹泻时重点是预防脱水，可按说明使用口服补液盐（ORS），出现少尿、嗜睡或血便应就医,科学经验
cred_p811,误区：宝宝腹泻要马上止泻，吃止泻药就行（危险，不推荐）,风险经验
cred_p812,说法：老人说喝点山楂水能开胃（证据不足，仅供参考）,待验证经验
cred_p813,添加辅食建议一次只加一种新食物并观察2-3天，出现明显皮疹、喘鸣或呕吐等过敏表现应停止并就医,科学经验
cred_p814,1岁以内不建议食用蜂蜜，以避免婴儿肉毒中毒风险,科学经验
cred_p815,说法：听说用花椒水泡脚能治感冒（证据不足，仅供参考）,待验证经验
cred_p816,1岁以内不建议食用蜂蜜，以避免婴儿肉毒中毒风险,科学经验
cred_p817,添加辅食建议一次只加一种新食物并观察2-3天，出现明显皮疹、喘鸣或呕吐等过敏表现应停止并就医,科学经验
cred_p818,烫伤后应立即用流动凉水持续冲洗15-20分钟并及时评估是否需要就医,科学经验
cred_p819,按免疫规划及时接种疫苗可显著降低多种传染病风险；接种后持续高热或过敏反应需就医,科学经验
cred_p820,2岁以下不建议长时间屏幕暴露，优先亲子阅读与游戏促进语言和社交发展,科学经验
cred_p821,儿童咳嗽若伴喘憋、呼吸急促或持续时间较长，应就医评估；2岁以下不建议自行使用复方镇咳感冒药,科学经验
cred_p822,宝宝腹泻时重点是预防脱水，可按说明使用口服补液盐（ORS），出现少尿、嗜睡或血便应就医,科学经验
cred_p823,儿童咳嗽若伴喘憋、呼吸急促或持续时间较长，应就医评估；2岁以下不建议自行使用复方镇咳感冒药,科学经验
cred_p824,婴幼儿乘车必须使用符合身高体重的安全座椅，抱着乘车无法在碰撞中保护孩子,科学经验
cred_p825,1岁以内不建议食用蜂蜜，以避免婴儿肉毒中毒风险,科学经验
cred_p826,婴幼儿发热时应使用体温计测量并关注精神状态与补液，不建议酒精擦浴；出现抽搐、呼吸困难等应及时就医,科学经验
cred_p827,说法：听说用金银花煮水洗澡能治湿疹（证据不足，仅供参考）,待验证经验
cred_p828,婴儿睡眠建议仰卧、硬床垫，床内不放枕头被褥和毛绒玩具，可降低窒息与婴儿猝死风险,科学经验
cred_p829,说法：听说用花椒水泡脚能治感冒（证据不足，仅供参考）,待验证经验
cred_p830,烫伤后应立即用流动凉水持续冲洗15-20分钟并及时评估是否需要就医,科学经验
cred_p831,说法：听说用盐水洗鼻子能预防感冒（证据不足，仅供参考）,待验证经验
cred_p832,说法：老人说给宝宝戴银手镯能辟邪保平安（证据不足，仅供参考）,待验证经验
cred_p833,误区：宝宝烫伤后涂牙膏或酱油更快好（危险，不推荐）,风险经验
cred_p834,说法：听说用盐水洗鼻子能预防感冒（证据不足，仅供参考）,待验证经验
cred_p835,说法：听说贴生姜片在脚心能止咳（证据不足，仅供参考）,待验证经验
cred_p836,2岁以下不建议长时间屏幕暴露，优先亲子阅读与游戏促进语言和社交发展,科学经验
cred_p837,婴儿睡眠建议仰卧、硬床垫，床内不放枕头被褥和毛绒玩具，可降低窒息与婴儿猝死风险,科学经验
cred_p838,1岁以内不建议食用蜂蜜，以避免婴儿肉毒中毒风险,科学经验
cred_p839,误区：宝宝烫伤后涂牙膏或酱油更快好（危险，不推荐）,风险经验
cred_p840,误区：宝宝发烧可以用酒精擦身体（危险，不推荐）,风险经验
cred_p841,烫伤后应立即用流动凉水持续冲洗15-20分钟并及时评估是否需要就医,科学经验
cred_p842,婴幼儿乘车必须使用符合身高体重的安全座椅，抱着乘车无法在碰撞中保护孩子,科学经验
cred_p843,烫伤后应立即用流动凉水持续冲洗15-20分钟并及时评估是否需要就医,科学经验
cred_p844,婴儿睡眠建议仰卧、硬床垫，床内不放枕头被褥和毛绒玩具，可降低窒息与婴儿猝死风险,科学经验
cred_p845,1岁以内不建议食用蜂蜜，以避免婴儿肉毒中毒风险,科学经验
cred_p846,说法：老人说喝点山楂水能开胃（证据不足，仅供参考）,待验证经验
cred_p847,儿童咳嗽若伴喘憋、呼吸急促或持续时间较长，应就医评估；2岁以下不建议自行使用复方镇咳感冒药,科学经验
cred_p848,添加辅食建议一次只加一种新食物并观察2-3天，出现明显皮疹、喘鸣或呕吐等过敏表现应停止并就医,科学经验
cred_p849,说法：听说用金银花煮水洗澡能治湿疹（证据不足，仅供参考）,待验证经验
cred_p850,婴幼儿发热时应使用体温计测量并关注精神状态与补液，不建议酒精擦浴；出现抽搐、呼吸困难等应及时就医,科学经验
cred_p851,误区：宝宝发烧要捂汗，出汗就退烧了（危险，不推荐）,风险经验
cred_p852,误区：给宝宝用成人的感冒药减量吃就可以（危险，不推荐）,风险经验
cred_p853,按免疫规划及时接种疫苗可显著降低多种传染病风险；接种后持续高热或过敏反应需就医,科学经验
cred_p854,宝宝腹泻时重点是预防脱水，可按说明使用口服补液盐（ORS），出现少尿、嗜睡或血便应就医,科学经验
cred_p855,1岁以内不建议食用蜂蜜，以避免婴儿肉毒中毒风险,科学经验
cred_p856,说法：老人说给宝宝戴银手镯能辟邪保平安（证据不足，仅供参考）,待验证经验
cred_p857,说法：听说姜汤能发汗退烧（证据不足，仅供参考）,待验证经验
cred_p858,婴幼儿乘车必须使用符合身高体重的安全座椅，抱着乘车无法在碰撞中保护孩子,科学经验
cred_p859,儿童咳嗽若伴喘憋、呼吸急促或持续时间较长，应就医评估；2岁以下不建议自行使用复方镇咳感冒药,科学经验
cred_p860,宝宝腹泻时重点是预防脱水，可按说明使用口服补液盐（ORS），出现少尿、嗜睡或血便应就医,科学经验
cred_p861,1岁以内不建议食用蜂蜜，以避免婴儿肉毒中毒风险,科学经验
cred_p862,婴幼儿发热时应使用体温计测量并关注精神状态与补液，不建议酒精擦浴；出现抽搐、呼吸困难等应及时就医,科学经验
cred_p863,婴幼儿乘车必须使用符合身高体重的安全座椅，抱着乘车无法在碰撞中保护孩子,科学经验
cred_p864,说法：听说姜汤能发汗退烧（证据不足，仅供参考）,待验证经验
cred_p865,按免疫规划及时接种疫苗可显著降低多种传染病风险；接种后持续高热或过敏反应需就医,科学经验
cred_p866,误区：新生儿喂黄连水可以去胎毒（危险，不推荐）,风险经验
cred_p867,说法：听说姜汤能发汗退烧（证据不足，仅供参考）,待验证经验
cred_p868,婴幼儿发热时应使用体温计测量并关注精神状态与补液，不建议酒精擦浴；出现抽搐、呼吸困难等应及时就医,科学经验
cred_p869,婴幼儿发热时应使用体温计测量并关注精神状态与补液，不建议酒精擦浴；出现抽搐、呼吸困难等应及时就医,科学经验
cred_p870,1岁以内不建议食用蜂蜜，以避免婴儿肉毒中毒风险,科学经验
cred_p871,烫伤后应立即用流动凉水持续冲洗15-20分钟并及时评估是否需要就医,科学经验
cred_p872,烫伤后应立即用流动凉水持续冲洗15-20分钟并及时评估是否需要就医,科学经验
cred_p873,婴幼儿发热时应使用体温计测量并关注精神状态与补液，不建议酒精擦浴；出现抽搐、呼吸困难等应及时就医,科学经验
cred_p874,婴幼儿乘车必须使用符合身高体重的安全座椅，抱着乘车无法在碰撞中保护孩子,科学经验
cred_p875,2岁以下不建议长时间屏幕暴露，优先亲子阅读与游戏促进语言和社交发展,科学经验
cred_p876,添加辅食建议一次只加一种新食物并观察2-3天，出现明显皮疹、喘鸣或呕吐等过敏表现应停止并就医,科学经验
cred_p877,婴幼儿乘车必须使用符合身高体重的安全座椅，抱着乘车无法在碰撞中保护孩子,科学经验
cred_p878,婴幼儿乘车必须使用符合身高体重的安全座椅，抱着乘车无法在碰撞中保护孩子,科学经验
cred_p879,添加辅食建议一次只加一种新食物并观察2-3天，出现明显皮疹、喘鸣或呕吐等过敏表现应停止并就医,科学经验
cred_p880,宝宝腹泻时重点是预防脱水，可按说明使用口服补液盐（ORS），出现少尿、嗜睡或血便应就医,科学经验
cred_p881,1岁以内不建议食用蜂蜜，以避免婴儿肉毒中毒风险,科学经验
cred_p882,烫伤后应立即用流动凉水持续冲洗15-20分钟并及时评估是否需要就医,科学经验
cred_p883,说法：听说用醋熏能给房间消毒（证据不足，仅供参考）,待验证经验
cred_p884,婴幼儿乘车必须使用符合身高体重的安全座椅，抱着乘车无法在碰撞中保护孩子,科学经验
cred_p885,婴幼儿发热时应使用体温计测量并关注精神状态与补液，不建议酒精擦浴；出现抽搐、呼吸困难等应及时就医,科学经验
cred_p886,烫伤后应立即用流动凉水持续冲洗15-20分钟并及时评估是否需要就医,科学经验
cred_p887,误区：用学步车能让宝宝早点学会走路（危险，不推荐）,风险经验
cred_p888,误区：宝宝发烧要捂汗，出汗就退烧了（危险，不推荐）,风险经验
cred_p889,宝宝腹泻时重点是预防脱水，可按说明使用口服补液盐（ORS），出现少尿、嗜睡或血便应就医,科学经验
cred_p890,误区：宝宝发烧要捂汗，出汗就退烧了（危险，不推荐）,风险经验
cred_p891,婴幼儿发热时应使用体温计测量并关注精神状态与补液，不建议酒精擦浴；出现抽搐、呼吸困难等应及时就医,科学经验
cred_p892,婴幼儿乘车必须使用符合身高体重的安全座椅，抱着乘车无法在碰撞中保护孩子,科学经验
cred_p893,添加辅食建议一次只加一种新食物并观察2-3天，出现明显皮疹、喘鸣或呕吐等过敏表现应停止并就医,科学经验
cred_p894,添加辅食建议一次只加一种新食物并观察2-3天，出现明显皮疹、喘鸣或呕吐等过敏表现应停止并就医,科学经验
cred_p895,按免疫规划及时接种疫苗可显著降低多种传染病风险；接种后持续高热或过敏反应需就医,科学经验
cred_p896,宝宝腹泻时重点是预防脱水，可按说明使用口服补液盐（ORS），出现少尿、嗜睡或血便应就医,科学经验
cred_p897,宝宝腹泻时重点是预防脱水，可按说明使用口服补液盐（ORS），出现少尿、嗜睡或血便应就医,科学经验
cred_p898,说法：老人说给宝宝戴银手镯能辟邪保平安（证据不足，仅供参考）,待验证经验
cred_p899,误区：给宝宝绑腿可以让腿更直（危险，不推荐）,风险经验
cred_p900,婴幼儿发热时应使用体温计测量并关注精神状态与补液，不建议酒精擦浴；出现抽搐、呼吸困难等应及时就医,科学经验
cred_p901,烫伤后应立即用流动凉水持续冲洗15-20分钟并及时评估是否需要就医,科学经验
cred_p902,2岁以下不建议长时间屏幕暴露，优先亲子阅读与游戏促进语言和社交发展,科学经验
cred_p903,宝宝腹泻时重点是预防脱水，可按说明使用口服补液盐（ORS），出现少尿、嗜睡或血便应就医,科学经验
cred_p904,按免疫规划及时接种疫苗可显著降低多种传染病风险；接种后持续高热或过敏反应需就医,科学经验
cred_p905,宝宝腹泻时重点是预防脱水，可按说明使用口服补液盐（ORS），出现少尿、嗜睡或血便应就医,科学经验
cred_p906,说法：听说用花椒水泡脚能治感冒（证据不足，仅供参考）,待验证经验
cred_p907,儿童咳嗽若伴喘憋、呼吸急促或持续时间较长，应就医评估；2岁以下不建议自行使用复方镇咳感冒药,科学经验
cred_p908,按免疫规划及时接种疫苗可显著降低多种传染病风险；接种后持续高热或过敏反应需就医,科学经验
cred_p909,误区：新生儿喂黄连水可以去胎毒（危险，不推荐）,风险经验
cred_p910,1岁以内不建议食用蜂蜜，以避免婴儿肉毒中毒风险,科学经验
cred_p911,婴幼儿乘车必须使用符合身高体重的安全座椅，抱着乘车无法在碰撞中保护孩子,科学经验
cred_p912,婴幼儿发热时应使用体温计测量并关注精神状态与补液，不建议酒精擦浴；出现抽搐、呼吸困难等应及时就医,科学经验
cred_p913,1岁以内不建议食用蜂蜜，以避免婴儿肉毒中毒风险,科学经验
cred_p914,说法：老人说给宝宝戴银手镯能辟邪保平安（证据不足，仅供参考）,待验证经验
cred_p915,宝宝腹泻时重点是预防脱水，可按说明使用口服补液盐（ORS），出现少尿、嗜睡或血便应就医,科学经验
cred_p916,说法：听说用醋熏能给房间消毒（证据不足，仅供参考）,待验证经验
cred_p917,按免疫规划及时接种疫苗可显著降低多种传染病风险；接种后持续高热或过敏反应需就医,科学经验
cred_p918,说法：听说用金银花煮水洗澡能治湿疹（证据不足，仅供参考）,待验证经验
cred_p919,烫伤后应立即用流动凉水持续冲洗15-20分钟并及时评估是否需要就医,科学经验
cred_p920,宝宝腹泻时重点是预防脱水，可按说明使用口服补液盐（ORS），出现少尿、嗜睡或血便应就医,科学经验
cred_p921,误区：宝宝烫伤后涂牙膏或酱油更快好（危险，不推荐）,风险经验
cred_p922,误区：一岁以下宝宝咳嗽可以喂蜂蜜止咳（危险，不推荐）,风险经验
cred_p923,2岁以下不建议长时间屏幕暴露，优先亲子阅读与游戏促进语言和社交发展,科学经验
cred_p924,1岁以内不建议食用蜂蜜，以避免婴儿肉毒中毒风险,科学经验
cred_p925,添加辅食建议一次只加一种新食物并观察2-3天，出现明显皮疹、喘鸣或呕吐等过敏表现应停止并就医,科学经验
cred_p926,按免疫规划及时接种疫苗可显著降低多种传染病风险；接种后持续高热或过敏反应需就医,科学经验
cred_p927,说法：听说用盐水洗鼻子能预防感冒（证据不足，仅供参考）,待验证经验
cred_p928,婴幼儿乘车必须使用符合身高体重的安全座椅，抱着乘车无法在碰撞中保护孩子,科学经验
cred_p929,儿童咳嗽若伴喘憋、呼吸急促或持续时间较长，应就医评估；2岁以下不建议自行使用复方镇咳感冒药,科学经验
cred_p930,1岁以内不建议食用蜂蜜，以避免婴儿肉毒中毒风险,科学经验
cred_p931,误区：一岁以下宝宝咳嗽可以喂蜂蜜止咳（危险，不推荐）,风险经验
cred_p932,烫伤后应立即用流动凉水持续冲洗15-20分钟并及时评估是否需要就医,科学经验
cred_p933,宝宝腹泻时重点是预防脱水，可按说明使用口服补液盐（ORS），出现少尿、嗜睡或血便应就医,科学经验
cred_p934,烫伤后应立即用流动凉水持续冲洗15-20分钟并及时评估是否需要就医,科学经验
cred_p935,2岁以下不建议长时间屏幕暴露，优先亲子阅读与游戏促进语言和社交发展,科学经验
cred_p936,按免疫规划及时接种疫苗可显著降低多种传染病风险；接种后持续高热或过敏反应需就医,科学经验
cred_p937,1岁以内不建议食用蜂蜜，以避免婴儿肉毒中毒风险,科学经验
cred_p938,婴幼儿乘车必须使用符合身高体重的安全座椅，抱着乘车无法在碰撞中保护孩子,科学经验
cred_p939,误区：宝宝发烧要捂汗，出汗就退烧了（危险，不推荐）,风险经验
cred_p940,说法：老人说给宝宝戴银手镯能辟邪保平安（证据不足，仅供参考）,待验证经验
cred_p941,宝宝腹泻时重点是预防脱水，可按说明使用口服补液盐（ORS），出现少尿、嗜睡或血便应就医,科学经验
cred_p942,误区：宝宝烫伤后涂牙膏或酱油更快好（危险，不推荐）,风险经验
cred_p943,宝宝腹泻时重点是预防脱水，可按说明使用口服补液盐（ORS），出现少尿、嗜睡或血便应就医,科学经验
cred_p944,1岁以内不建议食用蜂蜜，以避免婴儿肉毒中毒风险,科学经验
cred_p945,婴幼儿乘车必须使用符合身高体重的安全座椅，抱着乘车无法在碰撞中保护孩子,科学经验
cred_p946,儿童咳嗽若伴喘憋、呼吸急促或持续时间较长，应就医评估；2岁以下不建议自行使用复方镇咳感冒药,科学经验
cred_p947,烫伤后应立即用流动凉水持续冲洗15-20分钟并及时评估是否需要就医,科学经验
cred_p948,说法：老人说喝点山楂水能开胃（证据不足，仅供参考）,待验证经验
cred_p949,说法：老人说宝宝不能见生人，会吓着（证据不足，仅供参考）,待验证经验
cred_p950,误区：给宝宝绑腿可以让腿更直（危险，不推荐）,风险经验
cred_p951,说法：听说用醋熏能给房间消毒（证据不足，仅供参考）,待验证经验
cred_p952,儿童咳嗽若伴喘憋、呼吸急促或持续时间较长，应就医评估；2岁以下不建议自行使用复方镇咳感冒药,科学经验
cred_p953,婴儿睡眠建议仰卧、硬床垫，床内不放枕头被褥和毛绒玩具，可降低窒息与婴儿猝死风险,科学经验
cred_p954,说法：听说用金银花煮水洗澡能治湿疹（证据不足，仅供参考）,待验证经验
cred_p955,1岁以内不建议食用蜂蜜，以避免婴儿肉毒中毒风险,科学经验
cred_p956,婴幼儿乘车必须使用符合身高体重的安全座椅，抱着乘车无法在碰撞中保护孩子,科学经验
cred_p957,烫伤后应立即用流动凉水持续冲洗15-20分钟并及时评估是否需要就医,科学经验
cred_p958,宝宝腹泻时重点是预防脱水，可按说明使用口服补液盐（ORS），出现少尿、嗜睡或血便应就医,科学经验
cred_p959,误区：给宝宝用成人的感冒药减量吃就可以（危险，不推荐）,风险经验
cred_p960,按免疫规划及时接种疫苗可显著降低多种传染病风险；接种后持续高热或过敏反应需就医,科学经验
cred_p961,婴幼儿发热时应使用体温计测量并关注精神状态与补液，不建议酒精擦浴；出现抽搐、呼吸困难等应及时就医,科学经验
cred_p962,说法：听说用盐水洗鼻子能预防感冒（证据不足，仅供参考）,待验证经验
cred_p963,婴儿睡眠建议仰卧、硬床垫，床内不放枕头被褥和毛绒玩具，可降低窒息与婴儿猝死风险,科学经验
cred_p964,宝宝腹泻时重点是预防脱水，可按说明使用口服补液盐（ORS），出现少尿、嗜睡或血便应就医,科学经验
cred_p965,婴儿睡眠建议仰卧、硬床垫，床内不放枕头被褥和毛绒玩具，可降低窒息与婴儿猝死风险,科学经验
cred_p966,误区：给宝宝绑腿可以让腿更直（危险，不推荐）,风险经验
cred_p967,婴儿睡眠建议仰卧、硬床垫，床内不放枕头被褥和毛绒玩具，可降低窒息与婴儿猝死风险,科学经验
cred_p968,婴幼儿发热时应使用体温计测量并关注精神状态与补液，不建议酒精擦浴；出现抽搐、呼吸困难等应及时就医,科学经验
cred_p969,2岁以下不建议长时间屏幕暴露，优先亲子阅读与游戏促进语言和社交发展,科学经验
cred_p970,宝宝腹泻时重点是预防脱水，可按说明使用口服补液盐（ORS），出现少尿、嗜睡或血便应就医,科学经验
cred_p971,说法：老人说喝点山楂水能开胃（证据不足，仅供参考）,待验证经验
cred_p972,2岁以下不建议长时间屏幕暴露，优先亲子阅读与游戏促进语言和社交发展,科学经验
cred_p973,烫伤后应立即用流动凉水持续冲洗15-20分钟并及时评估是否需要就医,科学经验
cred_p974,添加辅食建议一次只加一种新食物并观察2-3天，出现明显皮疹、喘鸣或呕吐等过敏表现应停止并就医,科学经验
cred_p975,说法：听说用金银花煮水洗澡能治湿疹（证据不足，仅供参考）,待验证经验
cred_p976,添加辅食建议一次只加一种新食物并观察2-3天，出现明显皮疹、喘鸣或呕吐等过敏表现应停止并就医,科学经验
cred_p977,宝宝腹泻时重点是预防脱水，可按说明使用口服补液盐（ORS），出现少尿、嗜睡或血便应就医,科学经验
cred_p978,1岁以内不建议食用蜂蜜，以避免婴儿肉毒中毒风险,科学经验
cred_p979,1岁以内不建议食用蜂蜜，以避免婴儿肉毒中毒风险,科学经验
cred_p980,添加辅食建议一次只加一种新食物并观察2-3天，出现明显皮疹、喘鸣或呕吐等过敏表现应停止并就医,科学经验
cred_p981,烫伤后应立即用流动凉水持续冲洗15-20分钟并及时评估是否需要就医,科学经验
cred_p982,烫伤后应立即用流动凉水持续冲洗15-20分钟并及时评估是否需要就医,科学经验
cred_p983,按免疫规划及时接种疫苗可显著降低多种传染病风险；接种后持续高热或过敏反应需就医,科学经验
cred_p984,误区：宝宝发烧可以用酒精擦身体（危险，不推荐）,风险经验
cred_p985,烫伤后应立即用流动凉水持续冲洗15-20分钟并及时评估是否需要就医,科学经验
cred_p986,婴儿睡眠建议仰卧、硬床垫，床内不放枕头被褥和毛绒玩具，可降低窒息与婴儿猝死风险,科学经验
cred_p987,宝宝腹泻时重点是预防脱水，可按说明使用口服补液盐（ORS），出现少尿、嗜睡或血便应就医,科学经验
cred_p988,烫伤后应立即用流动凉水持续冲洗15-20分钟并及时评估是否需要就医,科学经验
cred_p989,烫伤后应立即用流动凉水持续冲洗15-20分钟并及时评估是否需要就医,科学经验
cred_p990,说法：听说用醋熏能给房间消毒（证据不足，仅供参考）,待验证经验
cred_p991,误区：宝宝感冒了用抗生素好得快（危险，不推荐）,风险经验
cred_p992,宝宝腹泻时重点是预防脱水，可按说明使用口服补液盐（ORS），出现少尿、嗜睡或血便应就医,科学经验
cred_p993,婴幼儿乘车必须使用符合身高体重的安全座椅，抱着乘车无法在碰撞中保护孩子,科学经验
cred_p994,婴幼儿发热时应使用体温计测量并关注精神状态与补液，不建议酒精擦浴；出现抽搐、呼吸困难等应及时就医,科学经验
cred_p995,说法：听说用白醋泡脚能去湿气（证据不足，仅供参考）,待验证经验
cred_p996,烫伤后应立即用流动凉水持续冲洗15-20分钟并及时评估是否需要就医,科学经验
cred_p997,婴幼儿发热时应使用体温计测量并关注精神状态与补液，不建议酒精擦浴；出现抽搐、呼吸困难等应及时就医,科学经验
cred_p998,婴幼儿乘车必须使用符合身高体重的安全座椅，抱着乘车无法在碰撞中保护孩子,科学经验
cred_p999,儿童咳嗽若伴喘憋、呼吸急促或持续时间较长，应就医评估；2岁以下不建议自行使用复方镇咳感冒药,科学经验
cred_p1000,按免疫规划及时接种疫苗可显著降低多种传染病风险；接种后持续高热或过敏反应需就医,科学经验
